"id","client_id","clientcategory_id"
"1","3","1"
"2","4","1"
"3","5","1"
"4","7","1"
"5","8","1"
"6","9","1"
"7","10","1"
"8","11","1"
"9","13","1"
"10","15","1"
"11","16","1"
"12","17","1"
"13","18","1"
"14","20","1"
"15","22","1"
"16","24","1"
"17","26","1"
"18","29","1"
"19","30","1"
"20","31","1"
"21","32","1"
"22","34","2"
"23","35","2"
"24","40","3"
"25","43","3"
"26","46","4"
"27","46","2"
"28","53","2"
"29","56","5"
"30","57","5"
"31","60","6"
"32","60","5"
"33","61","5"
"34","62","5"
"35","63","5"
"36","64","5"
"37","65","2"
"38","67","5"
"39","71","2"
"40","72","2"
"41","75","2"
"42","75","5"
"43","76","2"
"44","81","6"
"45","81","5"
"46","83","2"
"47","83","5"
"48","84","7"
"49","84","5"
"50","86","5"
"51","87","5"
"52","88","2"
"53","90","2"
"54","90","5"
"55","92","2"
"56","93","2"
"57","94","2"
"58","95","5"
"59","97","2"
"60","97","5"
"61","99","5"
"62","103","3"
"63","105","3"
"64","107","2"
"65","108","3"
"66","110","3"
"67","111","3"
"68","113","3"
"69","115","3"
"70","118","3"
"71","119","3"
"72","120","3"
"73","122","3"
"74","124","3"
"75","125","3"
"76","127","3"
"77","128","3"
"78","129","3"
"79","130","3"
"80","137","4"
"81","138","4"
"82","140","8"
"83","141","8"
"84","142","4"
"85","143","5"
"86","145","9"
"87","146","5"
"88","150","4"
"89","151","4"
"90","152","4"
"91","153","8"
"92","154","9"
"95","158","10"
"96","161","2"
"97","162","2"
"98","164","8"
"99","165","8"
"100","167","8"
"101","168","2"
"102","169","2"
"103","170","2"
"104","172","8"
"105","173","8"
"106","174","10"
"107","178","2"
"108","179","8"
"109","180","2"
"110","181","10"
"111","182","10"
"112","183","5"
"113","184","8"
"114","187","2"
"115","188","5"
"116","189","8"
"117","190","8"
"118","191","8"
"119","192","8"
"120","195","10"
"121","197","8"
"122","198","8"
"123","200","5"
"124","201","5"
"125","205","5"
"126","206","5"
"127","207","5"
"128","208","5"
"129","209","5"
"130","210","5"
"131","211","5"
"132","212","5"
"133","213","5"
"134","214","5"
"135","216","5"
"136","217","5"
"137","218","5"
"138","219","5"
"139","220","5"
"140","221","5"
"141","222","5"
"142","223","5"
"143","224","5"
"144","225","5"
"145","226","5"
"146","227","5"
"147","228","5"
"148","229","5"
"149","230","5"
"150","231","5"
"151","232","5"
"152","233","5"
"153","235","5"
"154","236","5"
"155","237","5"
"156","238","5"
"157","239","5"
"158","240","5"
"159","242","5"
"160","243","5"
"161","244","5"
"162","247","5"
"163","248","5"
"164","249","5"
"165","250","5"
"166","251","5"
"167","252","5"
"168","254","5"
"169","256","5"
"170","257","5"
"171","258","5"
"172","259","5"
"173","260","5"
"174","261","5"
"175","262","5"
"176","263","5"
"177","264","5"
"178","265","5"
"179","266","5"
"180","267","5"
"181","268","5"
"182","269","5"
"183","270","5"
"184","271","5"
"185","273","5"
"186","274","5"
"187","275","5"
"188","276","5"
"189","277","5"
"190","278","5"
"191","280","5"
"192","281","5"
"193","283","5"
"194","284","5"
"195","285","5"
"196","286","5"
"197","287","5"
"198","288","5"
"199","289","5"
"200","290","5"
"201","291","5"
"202","292","5"
"203","293","5"
"204","294","5"
"205","295","5"
"206","297","5"
"207","298","5"
"208","299","5"
"209","300","5"
"210","302","5"
"211","303","5"
"212","304","5"
"213","305","5"
"214","307","5"
"215","308","5"
"216","310","5"
"217","312","5"
"218","313","5"
"219","314","5"
"220","315","5"
"221","316","5"
"222","317","5"
"223","319","5"
"224","320","5"
"225","322","5"
"226","323","5"
"227","324","5"
"228","325","5"
"229","327","5"
"230","328","5"
"231","329","5"
"232","330","5"
"233","331","5"
"234","332","5"
"235","333","5"
"236","334","5"
"237","335","5"
"238","336","5"
"239","337","5"
"240","338","5"
"241","339","5"
"242","340","9"
"243","341","9"
"244","343","9"
"245","344","9"
"246","345","9"
"247","347","9"
"248","348","9"
"249","349","9"
"250","350","9"
"251","351","9"
"252","352","9"
"253","355","9"
"254","356","9"
"255","357","9"
"256","358","9"
"257","359","9"
"258","362","9"
"259","363","9"
"260","364","9"
"261","365","9"
"262","366","11"
"263","368","11"
"264","369","11"
"265","372","11"
"266","375","11"
"267","376","11"
"268","377","11"
"269","378","11"
"270","380","11"
"271","381","11"
"272","382","11"
"273","383","11"
"274","384","11"
"275","386","11"
"276","387","11"
"277","388","11"
"278","389","11"
"279","390","11"
"280","391","11"
"281","393","11"
"282","394","11"
"283","395","11"
"284","397","11"
"285","399","11"
"286","400","11"
"287","401","12"
"288","402","12"
"289","403","12"
"290","404","12"
"291","405","12"
"293","411","12"
"294","412","12"
"295","413","12"
"296","414","12"
"297","415","12"
"298","418","12"
"299","419","12"
"300","421","12"
"301","422","12"
"302","423","12"
"303","425","12"
"304","426","12"
"305","431","4"
"306","431","5"
"307","432","4"
"308","433","4"
"309","433","5"
"310","434","4"
"311","434","5"
"312","435","4"
"313","435","5"
"314","436","4"
"315","436","5"
"316","442","5"
"317","443","5"
"318","452","4"
"319","460","4"
"320","460","5"
"321","461","4"
"322","462","5"
"323","464","4"
"324","466","4"
"325","479","4"
"326","480","5"
"327","481","5"
"328","482","5"
"329","488","5"
"330","489","5"
"331","490","5"
"332","491","5"
"333","492","5"
"334","494","5"
"335","495","5"
"336","496","5"
"337","497","5"
"338","498","5"
"339","499","5"
"340","501","5"
"341","502","5"
"342","503","5"
"343","505","5"
"344","506","5"
"345","507","5"
"346","508","5"
"347","509","5"
"348","510","5"
"349","511","5"
"350","512","5"
"351","513","5"
"352","514","5"
"353","515","5"
"354","516","5"
"355","517","5"
"356","518","5"
"357","519","5"
"358","520","4"
"359","524","4"
"360","527","8"
"361","529","4"
"364","533","5"
"365","546","4"
"366","547","4"
"368","565","2"
"369","566","11"
"370","567","8"
"371","568","3"
"372","569","2"
"373","569","5"
"374","570","11"
"375","571","11"
"376","572","5"
"377","573","11"
"378","574","5"
"379","575","5"
"380","576","11"
"381","577","2"
"382","579","1"
"383","580","1"
"384","581","1"
"385","582","1"
"386","583","1"
"387","584","1"
"388","585","1"
"389","586","1"
"390","587","1"
"391","588","1"
"392","589","1"
"393","590","1"
"394","591","1"
"395","592","1"
"396","593","1"
"397","594","1"
"398","596","1"
"399","597","2"
"400","599","5"
"401","600","5"
"402","601","6"
"403","601","5"
"404","602","2"
"405","602","5"
"406","604","6"
"407","604","5"
"408","605","2"
"409","607","2"
"410","608","7"
"411","609","7"
"412","611","2"
"413","612","2"
"414","613","6"
"415","613","5"
"416","614","7"
"417","615","2"
"418","617","3"
"419","618","3"
"420","620","3"
"421","622","3"
"422","623","3"
"423","625","8"
"424","628","8"
"425","629","2"
"426","630","8"
"427","631","8"
"428","632","10"
"429","636","9"
"430","637","9"
"431","638","5"
"432","639","5"
"433","640","5"
"434","641","5"
"435","642","5"
"436","643","5"
"437","644","5"
"438","645","5"
"439","646","5"
"440","647","5"
"441","648","5"
"442","649","5"
"443","650","5"
"444","651","5"
"445","652","5"
"446","653","5"
"447","654","5"
"448","655","5"
"449","656","5"
"450","657","5"
"451","658","5"
"452","660","5"
"453","661","5"
"454","662","5"
"455","663","5"
"456","664","5"
"457","666","5"
"458","667","5"
"459","668","5"
"460","669","5"
"461","670","5"
"462","671","5"
"463","672","5"
"464","673","5"
"465","674","5"
"466","675","5"
"467","676","5"
"468","677","5"
"469","678","5"
"470","679","5"
"471","680","5"
"472","681","5"
"473","682","5"
"474","683","5"
"475","684","11"
"476","685","11"
"477","686","11"
"478","687","3"
"479","688","11"
"480","690","11"
"481","691","11"
"482","694","12"
"483","696","12"
"484","698","5"
"485","699","3"
"486","700","5"
"487","701","5"
"488","702","2"
"489","703","6"
"490","703","5"
"491","704","2"
"492","705","6"
"493","705","5"
"494","706","6"
"495","706","5"
"496","707","8"
"497","708","5"
"498","709","5"
"499","710","1"
"500","711","2"
"501","711","5"
"502","712","3"
"503","713","5"
"504","714","5"
"505","715","6"
"506","715","5"
"507","716","5"
"508","717","8"
"509","718","2"
"510","718","5"
"511","719","11"
"512","721","5"
"513","722","5"
"514","723","5"
"515","724","5"
"516","725","5"
"517","726","5"
"518","727","5"
"519","728","5"
"520","729","5"
"521","730","5"
"522","731","1"
"523","732","2"
"524","733","2"
"525","734","11"
"526","735","5"
"527","736","5"
"528","737","1"
"529","738","4"
"530","739","4"
"531","740","5"
"532","741","2"
"533","742","2"
"534","742","5"
"535","743","4"
"536","744","11"
"537","745","5"
"538","746","5"
"539","747","4"
"540","748","6"
"541","748","5"
"542","749","8"
"543","750","4"
"544","751","5"
"545","752","6"
"546","752","5"
"547","753","11"
"548","754","5"
"549","755","5"
"550","756","8"
"551","757","5"
"552","758","2"
"553","759","2"
"554","760","5"
"555","761","5"
"556","762","5"
"557","763","4"
"558","764","5"
"559","765","3"
"560","766","5"
"561","767","2"
"562","768","12"
"563","769","2"
"564","770","6"
"565","770","5"
"566","771","2"
"567","772","5"
"569","774","11"
"570","775","2"
"571","775","5"
"572","776","11"
"573","777","11"
"574","778","11"
"575","779","11"
"576","780","2"
"577","781","3"
"578","782","1"
"579","783","1"
"580","784","5"
"581","785","11"
"582","786","12"
"583","787","11"
"584","788","2"
"585","789","4"
"586","790","2"
"587","790","5"
"588","791","1"
"589","792","2"
"590","793","9"
"591","794","8"
"592","795","7"
"593","796","2"
"594","797","8"
"595","798","11"
"596","799","12"
"597","800","2"
"598","801","2"
"599","802","6"
"600","802","5"
"601","803","6"
"602","803","5"
"603","804","6"
"604","804","5"
"605","805","2"
"606","806","8"
"607","807","12"
"608","808","11"
"609","809","2"
"610","810","6"
"611","810","5"
"612","811","4"
"613","812","8"
"614","813","8"
"615","814","12"
"616","815","3"
"617","816","8"
"618","817","2"
"619","818","8"
"620","819","8"
"621","820","2"
"622","820","5"
"623","821","2"
"624","822","1"
"625","823","11"
"626","824","9"
"627","825","2"
"628","826","12"
"629","827","2"
"630","828","2"
"631","829","5"
"632","830","7"
"633","831","8"
"634","832","2"
"635","832","5"
"636","833","5"
"637","834","8"
"638","835","5"
"639","836","12"
"640","837","5"
"641","838","11"
"642","839","5"
"643","156","4"
"644","840","10"
"645","841","2"
"646","842","5"
"648","844","10"
"649","845","11"
"650","55","3"
"651","846","12"
"652","847","2"
"653","848","5"
"654","849","3"
"655","850","2"
"656","851","5"
"657","852","9"
"658","853","5"
"659","157","10"
"660","854","3"
"661","855","12"
"662","856","2"
"663","857","5"
"664","843","11"
"665","858","1"
"666","859","5"
"667","68","2"
"668","36","2"
"669","860","2"
"670","861","9"
"671","374","11"
"672","862","5"
"674","863","5"
"675","864","5"
"676","865","8"
"677","866","8"
"678","867","2"
"679","868","8"
"680","869","5"
"681","870","12"
"682","871","12"
"683","872","4"
"684","873","4"
"686","874","8"
"687","875","5"
"688","876","5"
"689","877","5"
"690","878","5"
"691","879","5"
"693","880","5"
"694","881","5"
"695","882","5"
"696","883","5"
"697","884","5"
"698","885","5"
"699","886","5"
"700","887","5"
"701","888","5"
"702","889","5"
"703","890","5"
"704","891","5"
"705","892","5"
"706","893","5"
"707","894","5"
"708","895","5"
"709","896","9"
"710","897","2"
"711","898","2"
"712","899","9"
"713","900","11"
"714","901","9"
"715","902","9"
"716","903","1"
"717","904","5"
"718","905","11"
"719","906","5"
"721","907","2"
"722","908","5"
"723","909","6"
"724","910","2"
"725","911","6"
"726","912","2"
"727","913","2"
"728","911","5"
"729","909","5"
"730","532","4"
"731","532","5"
"732","914","2"
"733","915","2"
"734","916","2"
"735","917","9"
"736","918","2"
"737","919","9"
"738","920","8"
"739","921","2"
"740","346","9"
"741","922","11"
"742","923","2"
"743","924","2"
"744","925","2"
"745","926","5"
"746","927","5"
"747","928","6"
"748","928","5"
"749","929","5"
"750","930","2"
"751","931","5"
"752","932","8"
"753","933","3"
"754","934","2"
"755","935","5"
"756","936","5"
"757","937","2"
"758","938","1"
"759","939","9"
"760","940","9"
"761","941","1"
"762","942","1"
"763","943","12"
"765","944","5"
"766","945","5"
"767","946","5"
"768","946","6"
"769","947","5"
"770","948","6"
"771","948","5"
"772","949","9"
"773","950","5"
"774","951","6"
"775","951","5"
"776","952","5"
"777","953","12"
"778","954","11"
"779","955","12"
"780","773","10"
"781","72","10"
"783","956","3"
"784","957","8"
"785","958","2"
"786","959","12"
"787","960","11"
"788","961","2"
"789","962","8"
"790","963","8"
"791","964","6"
"792","965","6"
"793","965","5"
"794","966","2"
"796","967","3"
"797","968","1"
"798","969","5"
"799","970","5"
"800","971","2"
"801","972","9"
"802","973","2"
"803","974","8"
"804","975","9"
"805","976","1"
"806","977","9"
"807","978","11"
"808","979","2"
"809","980","9"
"810","981","2"
"811","982","8"
"812","983","2"
"813","984","6"
"814","984","5"
"815","985","8"
"816","986","8"
"817","987","1"
"818","988","5"
"819","989","2"
"820","989","5"
"821","990","2"
"822","991","11"
"823","992","9"
"824","992","5"
"825","993","9"
"826","993","5"
"827","994","4"
"828","995","11"
"829","996","2"
"830","997","8"
"831","998","5"
"832","999","9"
"833","1000","1"
"834","1001","9"
"835","1002","5"
"836","1003","5"
"837","1004","8"
"838","1005","2"
"839","1006","9"
"840","1007","11"
"841","1008","2"
"842","1010","8"
"843","1011","11"
"844","1012","8"
"845","1013","8"
"846","1015","5"
"847","1016","5"
"848","1017","5"
"849","1018","5"
"850","1019","2"
"851","1020","3"
"852","1021","3"
"853","1022","8"
"854","1023","1"
"855","1024","9"
"856","1025","8"
"857","1026","5"
"858","1027","11"
"859","1028","2"
"860","1029","2"
"861","1030","12"
"862","1031","6"
"863","1032","9"
"864","1033","5"
"865","1034","12"
"866","1035","5"
"867","1036","5"
"868","1037","5"
"869","1038","5"
"870","1039","5"
"872","1040","2"
"873","1040","10"
"874","1041","11"
"875","1042","11"
"876","1043","10"
"877","1044","2"
"878","1045","9"
"879","1046","3"
"880","1047","11"
"881","1048","8"
"882","1049","5"
"883","1051","2"
"884","1052","9"
"885","1053","8"
"886","1054","5"
"887","1055","5"
"888","1056","5"
"889","27","1"
"890","279","5"
"891","279","2"
"892","1009","8"
"893","1057","12"
"894","1058","5"
"895","1059","2"
"896","1060","5"
"897","1061","5"
"898","1062","5"
"899","1063","5"
"900","1064","5"
"901","1065","5"
"902","1066","5"
"903","1067","5"
"904","1068","5"
"905","1069","9"
"906","1070","2"
"907","1071","1"
"908","1072","2"
"909","1073","9"
"910","1074","8"
"911","1075","5"
"912","1076","5"
"913","1077","8"
"914","1078","12"
"915","1079","5"
"916","1080","9"
"917","1081","2"
"918","1082","3"
"919","1083","12"
"920","1084","5"
"921","1085","2"
"922","1086","8"
"923","1087","3"
"924","1088","2"
"925","1089","5"
"926","1090","8"
"927","1091","3"
"928","1092","9"
"929","1093","5"
"930","1094","12"
"931","1095","9"
"932","1096","8"
"933","1097","5"
"934","1098","8"
"935","1099","5"
"936","1100","1"
"937","1101","11"
"938","1102","2"
"939","1103","8"
"940","1104","8"
"941","1104","5"
"942","1105","2"
"944","1106","8"
"945","1107","5"
"946","1108","8"
"947","1109","2"
"948","1110","9"
"949","1111","2"
"950","1112","5"
"951","1113","8"
"952","1114","5"
"953","1115","5"
"954","1116","9"
"955","1117","5"
"956","1118","5"
"957","1119","5"
"958","1120","9"
"959","1121","8"
"960","1122","5"
"961","1123","12"
"962","1124","12"
"963","1125","2"
"964","1126","8"
"965","1127","6"
"967","1128","5"
"968","1129","8"
"969","1130","8"
"970","1131","3"
"971","1132","3"
"972","1133","5"
"973","1134","5"
"974","1134","4"
"975","1135","5"
"976","1136","5"
"977","1137","12"
"978","1138","6"
"979","1138","5"
"980","1139","8"
"981","1140","5"
"982","1141","2"
"983","1142","5"
"984","1143","9"
"985","1144","11"
"986","1145","5"
"987","1146","9"
"988","1148","3"
"989","1149","2"
"990","1150","8"
"991","1151","5"
"992","1152","5"
"993","1153","3"
"994","1154","6"
"995","1154","5"
"996","1155","5"
"997","1156","8"
"998","1157","3"
"999","1158","5"
"1000","1159","5"
"1001","1160","2"
"1002","1161","6"
"1003","1161","5"
"1004","1162","6"
"1005","1162","5"
"1006","1163","2"
"1007","1164","2"
"1008","1165","3"
"1009","1166","5"
"1010","1167","2"
"1011","1168","5"
"1012","1169","5"
"1013","1169","2"
"1014","1170","5"
"1015","1170","4"
"1016","1171","2"
"1017","1172","5"
"1018","1172","6"
