"id","assay_base","matrix"
"1","9","7"
"2","10","7"
"3","10","8"
"5","11","7"
"6","12","7"
"7","12","8"
"9","13","7"
"10","14","7"
"11","15","7"
"12","15","8"
"13","15","9"
"14","17","13"
"15","17","15"
"16","18","13"
"17","18","15"
"18","19","13"
"20","20","13"
"22","21","13"
"23","21","14"
"24","22","7"
"25","22","8"
"27","23","10"
"28","24","10"
"29","25","7"
"30","25","8"
"31","25","9"
"32","26","7"
"33","26","8"
"35","27","7"
"36","27","8"
"38","28","14"
"45","31","7"
"46","31","8"
"47","32","9"
"48","33","7"
"49","33","8"
"51","34","7"
"52","34","8"
"53","35","7"
"54","36","7"
"55","36","8"
"56","36","9"
"57","37","8"
"59","38","7"
"60","38","8"
"62","39","7"
"63","39","8"
"65","40","7"
"66","40","8"
"67","40","9"
"68","41","10"
"69","41","16"
"70","42","7"
"71","43","8"
"72","44","14"
"73","45","13"
"74","45","14"
"75","45","15"
"76","46","7"
"78","47","7"
"79","47","8"
"81","48","7"
"82","48","10"
"83","49","7"
"84","49","8"
"85","49","9"
"86","49","13"
"87","49","14"
"88","49","15"
"89","55","7"
"90","56","7"
"91","57","7"
"92","58","13"
"93","58","14"
"94","58","15"
"95","60","10"
"96","60","16"
"97","61","16"
"98","62","16"
"101","65","16"
"102","66","16"
"103","67","7"
"104","68","11"
"105","69","11"
"106","70","7"
"107","71","7"
"108","81","7"
"109","82","7"
"110","82","8"
"111","82","9"
"112","83","11"
"113","84","11"
"114","85","11"
"115","87","7"
"116","87","8"
"117","87","9"
"118","87","10"
"119","87","13"
"120","87","14"
"121","87","15"
"122","87","16"
"123","87","11"
"124","88","7"
"125","89","7"
"126","90","7"
"127","91","7"
"128","93","7"
"129","95","7"
"130","95","8"
"131","95","9"
"132","96","7"
"133","96","8"
"134","96","9"
"135","97","7"
"136","98","7"
"137","99","7"
"138","99","8"
"139","99","9"
"140","100","7"
"141","100","8"
"142","100","9"
"143","101","12"
"146","104","12"
"149","107","10"
"150","108","13"
"151","109","13"
"152","110","7"
"153","112","15"
"154","113","15"
"155","114","14"
"156","115","14"
"157","116","15"
"160","119","15"
"163","122","15"
"164","123","14"
"165","124","15"
"166","125","16"
"167","126","15"
"168","127","15"
"169","128","7"
"170","129","7"
"171","130","13"
"172","130","14"
"174","131","13"
"175","131","14"
"176","131","15"
"177","132","13"
"178","132","14"
"179","132","15"
"180","133","13"
"181","133","14"
"182","133","15"
"183","134","15"
"184","135","7"
"185","136","7"
"186","137","7"
"187","138","7"
"188","139","16"
"189","140","13"
"190","140","14"
"191","141","11"
"192","142","9"
"193","143","9"
"194","144","9"
"195","145","9"
"196","146","9"
"199","149","9"
"200","150","9"
"201","151","9"
"202","152","9"
"203","153","13"
"204","153","14"
"206","154","16"
"207","155","7"
"208","156","7"
"209","157","7"
"210","157","8"
"211","157","9"
"212","158","13"
"213","159","13"
"214","159","14"
"215","159","15"
"216","160","7"
"217","160","16"
"218","161","7"
"219","162","10"
"220","163","7"
"221","163","16"
"222","164","13"
"223","164","14"
"224","164","15"
"225","165","16"
"226","166","7"
"227","166","8"
"228","166","9"
"229","166","16"
"230","167","13"
"231","167","14"
"232","167","15"
"233","168","7"
"234","169","7"
"235","170","13"
"236","170","14"
"237","170","15"
"238","171","7"
"239","171","8"
"240","171","9"
"241","171","16"
"242","172","7"
"243","40","11"
"244","176","13"
"245","178","13"
"246","180","13"
"247","201","15"
"248","231","16"
"249","238","16"
"250","240","16"
"251","242","10"
"252","245","10"
"253","248","10"
"255","252","16"
"258","258","7"
"259","261","7"
"260","264","7"
"261","277","9"
"262","299","7"
"263","299","8"
"264","301","9"
"266","123","15"
"267","346","15"
"268","346","14"
"269","337","7"
"270","361","7"
"271","384","7"
"272","398","7"
"273","398","8"
"274","398","9"
"275","409","7"
"276","419","7"
"277","432","7"
"278","441","7"
"279","441","8"
"280","486","7"
"281","488","7"
"282","494","15"
"283","498","13"
"284","498","14"
"285","498","15"
"286","521","7"
"287","524","7"
"288","529","7"
"289","531","7"
"290","544","18"
"291","553","7"
"292","555","7"
"293","557","7"
"294","560","7"
"295","562","7"
"296","20","15"
"297","121","14"
"298","19","15"
"299","587","7"
"300","590","7"
"301","679","7"
"302","681","7"
"303","685","7"
"304","687","7"
"305","691","7"
"306","696","7"
"307","696","8"
"308","696","9"
"309","700","7"
"310","120","14"
"311","80","7"
"312","726","7"
"313","726","8"
"314","733","7"
"315","176","7"
"316","736","7"
"317","738","7"
"318","746","13"
"319","748","16"
"320","751","7"
"321","753","7"
"322","539","7"
"323","541","7"
"325","772","7"
"326","774","7"
"327","793","7"
"328","793","8"
"329","793","9"
"330","798","7"
"331","800","7"
"332","803","7"
"333","805","7"
"334","807","7"
"335","809","7"
"336","811","7"
"337","813","15"
"338","815","7"
"339","817","11"
"340","770","16"
"341","826","15"
"342","831","15"
"343","46","8"
"344","847","9"
"345","912","7"
"346","914","7"
"347","916","7"
"348","922","7"
"349","925","7"
"350","928","18"
"351","928","7"
"352","928","8"
"354","928","13"
"355","928","14"
"356","928","15"
"357","928","16"
"358","930","7"
"359","930","18"
"360","557","18"
"361","486","18"
"362","488","18"
"363","521","18"
"364","544","7"
"365","553","18"
"366","555","18"
"367","912","18"
"368","914","18"
"369","916","18"
"370","108","18"
"371","109","18"
"372","948","7"
"373","948","18"
"374","950","7"
"375","950","18"
"376","952","7"
"377","952","18"
"378","922","18"
"379","955","7"
"380","955","18"
"381","957","7"
"382","957","18"
"383","959","7"
"384","959","18"
"385","965","7"
"386","965","18"
"387","968","7"
"388","968","18"
"389","995","7"
"390","995","18"
"391","997","7"
"392","997","18"
"393","1008","7"
"394","1008","18"
"395","1014","7"
"396","1014","18"
"397","1016","7"
"398","1016","18"
"399","1019","7"
"400","1019","18"
"401","1021","7"
"402","1021","18"
"403","1023","7"
"404","1023","18"
"405","1027","7"
"406","1027","18"
"407","1031","7"
"408","1031","18"
"409","1033","7"
"410","1033","18"
"411","1038","7"
"412","1038","18"
"413","1040","7"
"414","1040","18"
"415","1042","7"
"416","1042","18"
"417","1044","7"
"418","1044","18"
"420","1050","7"
"421","1047","15"
"422","1056","7"
"423","1068","7"
"424","1068","18"
"425","1070","7"
"426","1070","18"
"428","1074","15"
"429","1076","13"
"430","1079","15"
"431","178","15"
"432","1082","14"
"433","1082","15"
"434","1084","7"
"435","1084","18"
"436","1101","7"
"437","1101","18"
"438","1103","7"
"439","1103","18"
"440","1106","7"
"441","1106","18"
"442","1250","19"
"443","1252","19"
"444","1254","19"
"445","1256","19"
"448","1262","19"
"449","1264","19"
"450","1267","15"
"451","1269","15"
"452","1278","7"
"453","1278","18"
"454","346","13"
"455","1294","7"
"456","1294","8"
"457","1294","9"
"458","1294","11"
"459","1296","7"
"460","1296","8"
"461","1296","9"
"462","1296","11"
"463","1298","10"
"464","1298","16"
"465","1298","13"
"466","1298","14"
"467","1298","15"
"468","1300","10"
"469","1300","16"
"470","1300","13"
"471","1300","14"
"472","1300","15"
"473","1302","7"
"474","1302","8"
"475","1302","9"
"476","1302","10"
"477","1302","11"
"481","1302","16"
"483","384","8"
"484","384","9"
"485","384","10"
"486","384","11"
"487","384","13"
"488","384","14"
"489","384","15"
"490","384","16"
"491","384","19"
"492","409","8"
"493","409","9"
"494","409","10"
"495","409","11"
"496","409","13"
"497","409","14"
"498","409","15"
"499","409","16"
"500","409","19"
"501","1296","10"
"502","1296","13"
"503","1296","14"
"504","1296","15"
"505","1296","16"
"506","1296","19"
"507","1294","10"
"508","1294","13"
"509","1294","14"
"510","1294","15"
"511","1294","16"
"512","1294","19"
"513","13","15"
"514","13","14"
"515","13","13"
"516","60","13"
"517","60","14"
"518","60","15"
"519","154","13"
"520","154","14"
"521","95","15"
"522","82","13"
"523","82","14"
"524","82","15"
"525","96","15"
"526","231","13"
"527","231","14"
"528","46","15"
"529","803","15"
"530","41","13"
"531","41","14"
"532","41","15"
"533","1346","7"
"534","1346","18"
"535","1349","7"
"536","1349","18"
"537","1351","7"
"538","1351","18"
"539","1353","19"
"540","1355","7"
"541","1360","7"
"542","1360","18"
"543","1362","7"
"544","1362","18"
"545","1364","7"
"546","1364","18"
"547","1366","7"
"548","1366","18"
"549","1368","7"
"550","1368","18"
"551","1370","7"
"552","1370","18"
"553","1372","7"
"554","1372","18"
"555","1374","7"
"556","1374","18"
"557","1376","7"
"558","1376","18"
"559","1378","7"
"560","1378","18"
"561","1380","7"
"562","1380","18"
"563","1382","7"
"564","1382","18"
"565","1384","7"
"566","1384","18"
"567","1386","7"
"568","1386","18"
"569","1391","7"
"570","1391","18"
"571","1394","7"
"572","1397","19"
"573","1399","7"
"574","1399","18"
"575","82","16"
"576","1420","7"
"577","1420","18"
"578","1423","7"
"579","1426","16"
"580","1426","7"
"581","1428","7"
"582","1428","18"
"583","1438","7"
"584","1441","7"
"585","1443","7"
"586","1445","7"
"587","1448","16"
"588","1452","7"
"589","1454","7"
"590","1454","16"
"591","1458","7"
"592","1458","18"
"593","1461","7"
"594","1461","18"
"595","1464","7"
"596","1464","16"
"597","1473","7"
"598","1475","7"
"599","1475","18"
"600","1487","7"
"601","1487","18"
"602","1496","18"
"603","1500","7"
"604","1500","18"
"605","1506","12"
"606","43","19"
"607","1512","7"
"608","1512","18"
"609","1515","7"
"610","1515","18"
"611","1522","7"
"612","1522","18"
"613","1524","18"
"614","1528","16"
"615","1530","16"
"616","1533","16"
"617","1535","16"
"618","1546","7"
"619","1553","7"
"621","1564","7"
"622","1567","7"
"623","1569","7"
"624","1575","16"
"625","1577","16"
"626","1583","7"
"627","1583","8"
"628","1583","9"
"629","1586","12"
"630","1589","12"
"631","1592","12"
"632","1596","12"
"633","1605","16"
"634","1605","7"
"635","1608","7"
"636","1613","7"
"637","1613","18"
"638","1615","13"
"639","1615","18"
"640","1617","13"
"641","1617","18"
"642","1620","13"
"643","1620","18"
"644","1622","13"
"645","1622","18"
"646","1625","13"
"647","1625","18"
"648","1629","13"
"649","1629","18"
"650","1631","13"
"651","1631","18"
"652","1633","13"
"653","1633","18"
"654","1643","7"
"655","1643","18"
"656","1646","7"
"657","1646","18"
"658","1669","19"
"659","254","16"
"660","1680","7"
"661","1680","8"
"662","1680","9"
"663","1682","7"
"664","1682","8"
"665","1682","9"
"666","1684","13"
"667","1690","7"
"668","1693","7"
"669","1735","18"
"670","1737","18"
"671","1741","7"
"672","1741","8"
"673","1741","9"
"674","1741","10"
"675","1741","11"
"676","1741","13"
"677","1741","14"
"678","1741","15"
"679","1741","16"
"680","1741","19"
"681","1748","15"
"682","1756","7"
"683","1756","18"
"684","1758","7"
"685","1758","18"
"686","1849","7"
"687","1852","16"
"688","1863","7"
"689","1863","18"
"690","1669","18"
"691","1865","19"
"692","1865","18"
"693","1869","18"
"694","1869","19"
"695","1871","18"
"696","1871","19"
"697","1873","9"
"698","1873","18"
"699","1875","9"
"700","1875","18"
"701","1877","9"
"702","1880","9"
"703","1880","18"
"704","1877","18"
"705","1883","9"
"706","1883","18"
"707","1885","9"
"708","1885","18"
"709","1887","9"
"710","1887","18"
"711","1891","7"
"712","1894","8"
"713","1894","18"
"714","1919","12"
"715","1921","18"
"716","1921","13"
"717","1931","7"
"718","1931","8"
"719","1931","9"
"720","1933","7"
"721","1933","18"
"722","1935","7"
"723","1935","18"
"724","1937","7"
"725","1937","18"
"726","1940","7"
"727","1940","18"
"728","1942","7"
"729","1942","18"
"730","1944","7"
"731","1944","18"
"732","1948","7"
"733","1948","18"
"734","1950","7"
"735","1950","18"
"736","1953","19"
"737","1953","18"
"738","1956","18"
"742","1960","18"
"743","1958","18"
"744","1956","13"
"745","1958","13"
"746","1960","13"
"747","1967","19"
"748","1967","18"
"749","1969","15"
"750","1975","7"
"751","1975","18"
"752","1977","16"
"754","1981","7"
"755","1981","18"
"756","1983","7"
"758","1983","18"
"759","1987","7"
"760","1987","18"
"761","2014","7"
"762","2018","12"
"763","2020","7"
"764","2020","8"
"765","2020","9"
"766","2022","16"
"767","2024","7"
"768","2024","8"
"769","2024","9"
"770","2024","10"
"771","2024","11"
"772","2024","16"
"773","2024","19"
"774","2024","18"
"775","2028","7"
"785","2090","7"
"786","2090","18"
"787","2103","7"
"788","2105","7"
"789","2108","7"
"790","2110","7"
"791","2121","12"
"792","2123","12"
"793","2125","12"
"794","2127","12"
"795","2129","15"
"796","2131","15"
"797","2133","9"
"798","2135","9"
"799","2137","16"
"800","2139","16"
"801","2141","19"
"802","2143","19"
"803","2145","7"
"804","2145","8"
"805","2147","7"
"806","2147","8"
"807","2149","16"
"808","2151","7"
"809","2184","13"
"810","2184","14"
"811","2184","15"
"812","2187","18"
"813","2190","15"
"814","2172","7"
"815","2012","7"
"816","2194","7"
"817","2198","14"
"818","2198","15"
"819","2198","13"
"820","2209","7"
"821","2209","8"
"822","2209","9"
"823","2211","7"
"824","2211","8"
"825","2211","9"
"826","2213","7"
"827","2213","8"
"828","2213","9"
"829","2215","7"
"830","2215","8"
"831","2215","9"
"832","2247","7"
"833","2247","8"
"834","2247","9"
"835","2249","7"
"836","2249","8"
"837","2249","9"
"839","2295","16"
"840","2306","7"
"841","2306","18"
"842","2310","7"
