"id","assay_id","common_id","original_id"
"1","58","1","58"
"2","212","1","58"
"3","403","1","58"
"4","17","2","17"
"5","59","2","59"
"6","114","2","114"
"9","10","3","10"
"10","61","3","61"
"11","91","3","91"
"12","101","3","101"
"13","104","3","104"
"14","113","3","113"
"15","142","3","142"
"16","200","3","113"
"17","299","3","299"
"18","300","3","299"
"19","301","3","301"
"20","302","3","301"
"21","356","3","91"
"22","364","3","91"
"23","80","4","80"
"24","18","5","18"
"25","115","5","115"
"26","258","5","258"
"27","259","5","258"
"28","260","5","258"
"29","263","5","258"
"30","265","5","258"
"31","269","5","258"
"32","272","5","258"
"33","9","6","9"
"34","161","7","161"
"35","57","8","57"
"36","56","9","56"
"37","88","10","88"
"38","127","10","127"
"39","11","11","11"
"40","201","11","201"
"41","202","11","201"
"42","155","12","155"
"43","233","12","155"
"44","12","13","12"
"45","125","13","125"
"46","126","13","126"
"47","143","13","143"
"48","339","13","12"
"49","340","13","125"
"50","341","13","126"
"51","342","13","143"
"52","67","14","67"
"53","124","14","124"
"54","234","14","67"
"55","236","14","124"
"56","325","14","67"
"57","326","14","124"
"58","327","14","67"
"59","328","14","124"
"60","343","14","67"
"61","344","14","124"
"62","13","15","13"
"63","346","15","346"
"64","347","15","346"
"65","348","15","13"
"66","353","15","346"
"67","81","16","81"
"68","235","16","81"
"69","318","16","81"
"70","352","16","81"
"71","14","17","14"
"72","159","17","159"
"73","219","17","159"
"74","401","17","159"
"75","31","18","31"
"76","32","18","32"
"77","66","18","66"
"78","123","18","123"
"79","345","18","123"
"80","405","18","123"
"81","19","19","19"
"82","26","19","26"
"83","52","19","52"
"84","120","19","120"
"85","145","19","145"
"86","203","19","19"
"87","209","19","52"
"88","214","19","120"
"89","240","19","240"
"90","241","19","240"
"91","319","19","19"
"92","322","19","52"
"93","323","19","120"
"94","22","20","22"
"95","62","20","62"
"96","69","20","69"
"97","84","20","84"
"98","116","20","116"
"99","144","20","144"
"100","162","20","162"
"101","68","3","68"
"102","83","3","83"
"103","404","3","68"
"104","21","21","21"
"105","48","21","48"
"106","53","21","53"
"107","122","21","122"
"108","205","21","21"
"109","210","21","53"
"110","217","21","122"
"111","156","22","156"
"112","163","22","163"
"113","237","22","156"
"114","376","22","163"
"115","377","22","163"
"116","20","23","20"
"117","24","23","24"
"118","27","23","27"
"119","35","23","35"
"120","38","23","38"
"121","44","23","44"
"122","51","23","51"
"123","65","23","65"
"124","119","23","119"
"125","121","23","121"
"126","146","23","146"
"127","151","23","151"
"128","204","23","20"
"129","208","23","51"
"130","215","23","121"
"131","216","23","121"
"132","320","23","20"
"133","321","23","51"
"134","324","23","121"
"135","29","24","29"
"136","63","24","63"
"137","102","24","102"
"138","105","24","105"
"139","117","24","117"
"140","147","24","147"
"141","261","24","261"
"142","262","24","261"
"143","266","24","261"
"144","268","24","261"
"145","270","24","261"
"146","273","24","261"
"147","275","24","261"
"148","43","25","43"
"149","337","26","337"
"150","354","26","337"
"151","355","26","337"
"152","378","26","337"
"153","37","27","37"
"154","150","27","150"
"155","79","28","78"
"156","230","28","78"
"157","361","51","361"
"158","362","51","361"
"159","36","29","36"
"160","60","29","60"
"161","71","29","71"
"162","95","29","95"
"163","128","29","128"
"164","131","29","131"
"165","153","29","153"
"166","154","29","154"
"167","157","29","157"
"168","164","29","164"
"169","165","29","165"
"170","168","29","168"
"171","183","29","95"
"172","184","29","128"
"173","185","29","153"
"174","186","29","154"
"175","187","29","95"
"176","191","29","36"
"177","192","29","60"
"178","193","29","131"
"179","194","29","131"
"180","195","29","157"
"181","196","29","165"
"182","221","29","157"
"183","222","29","164"
"184","223","29","165"
"185","226","29","168"
"186","257","29","153"
"187","311","29","157"
"188","312","29","164"
"189","313","29","165"
"190","316","29","168"
"191","15","30","15"
"192","16","30","15"
"193","25","30","25"
"194","252","30","252"
"195","253","30","252"
"196","256","30","15"
"197","357","30","15"
"198","359","30","252"
"199","358","30","25"
"200","381","30","15"
"201","82","31","82"
"202","96","31","96"
"203","129","31","129"
"204","132","31","132"
"205","130","31","130"
"206","166","31","166"
"207","169","31","169"
"208","167","31","167"
"209","171","31","171"
"210","189","31","129"
"211","188","31","96"
"212","190","31","130"
"213","224","31","166"
"214","227","31","169"
"215","225","31","167"
"216","314","31","166"
"217","317","31","169"
"218","315","31","167"
"219","329","31","82"
"220","330","31","82"
"221","331","31","132"
"222","332","31","166"
"223","333","31","167"
"224","334","31","169"
"225","335","31","171"
"226","394","31","169"
"227","416","31","132"
"228","255","32","254"
"229","254","32","254"
"230","310","32","254"
"231","336","32","254"
"232","360","32","254"
"233","33","33","33"
"234","149","33","149"
"235","34","34","34"
"236","49","35","49"
"237","172","36","172"
"238","182","36","172"
"239","305","36","172"
"240","309","36","172"
"241","23","37","23"
"242","39","37","39"
"243","46","37","46"
"244","85","37","85"
"245","86","37","85"
"246","97","37","97"
"247","100","37","100"
"248","98","37","98"
"249","99","37","99"
"250","107","37","107"
"251","134","37","134"
"252","136","37","136"
"253","139","37","139"
"254","140","37","140"
"255","137","37","137"
"256","135","37","135"
"257","138","37","138"
"258","141","37","141"
"259","158","37","158"
"260","175","37","23"
"261","174","37","107"
"262","199","37","107"
"263","198","37","23"
"264","228","37","23"
"265","231","37","231"
"266","229","37","107"
"267","232","37","231"
"268","238","37","238"
"269","239","37","238"
"270","277","37","277"
"271","280","37","46"
"272","283","37","98"
"273","286","37","134"
"274","289","37","137"
"275","292","37","140"
"276","295","37","231"
"277","298","37","39"
"278","296","37","238"
"279","293","37","141"
"280","290","37","138"
"281","287","37","135"
"282","284","37","99"
"283","281","37","85"
"284","278","37","277"
"285","276","37","107"
"286","279","37","39"
"287","282","37","97"
"288","285","37","100"
"289","288","37","136"
"290","291","37","139"
"291","294","37","23"
"292","297","37","107"
"293","367","37","99"
"294","370","37","137"
"295","373","37","158"
"296","374","37","238"
"297","371","37","139"
"298","368","37","100"
"299","365","37","107"
"300","363","37","23"
"301","366","37","39"
"302","369","37","135"
"303","372","37","141"
"304","375","37","277"
"305","407","37","158"
"306","30","38","30"
"307","64","38","64"
"308","103","38","103"
"309","106","38","106"
"310","118","38","118"
"311","148","38","148"
"312","274","38","264"
"313","70","39","70"
"314","197","39","70"
"315","170","40","170"
"316","220","40","170"
"317","402","40","170"
"318","45","41","45"
"319","160","41","160"
"320","207","41","45"
"321","379","41","160"
"322","40","42","40"
"323","41","42","41"
"324","173","42","40"
"325","380","42","41"
"326","382","42","40"
"327","383","42","40"
"328","392","42","40"
"329","393","42","40"
"330","384","43","384"
"331","385","43","384"
"332","386","43","384"
"333","387","43","384"
"334","388","43","384"
"335","389","43","384"
"336","390","43","384"
"337","391","43","384"
"348","47","45","47"
"349","152","45","152"
"350","55","46","55"
"351","338","46","55"
"352","90","47","90"
"353","28","48","28"
"354","42","48","42"
"355","111","48","111"
"356","112","48","112"
"357","206","48","28"
"358","213","48","112"
"359","89","49","89"
"360","110","49","110"
"361","349","49","89"
"362","350","49","89"
"363","351","49","110"
"364","398","50","398"
"365","399","50","398"
"366","400","50","398"
"367","421","4","80"
"368","422","3","68"
"369","423","3","83"
"370","424","37","141"
"371","425","22","156"
"372","426","22","163"
"373","427","22","156"
"374","428","22","163"
"375","429","50","398"
"376","430","35","49"
"377","431","17","159"
"378","434","31","96"
"379","435","29","95"
"380","436","29","128"
"381","437","31","129"
"382","438","31","130"
"383","439","29","153"
"384","440","29","154"
"385","441","52","441"
"386","442","52","441"
"387","443","52","441"
"388","454","28","454"
"389","455","28","454"
"390","456","28","456"
"391","457","28","456"
"392","458","28","458"
"393","459","28","458"
"394","460","28","460"
"395","461","28","460"
"396","462","28","462"
"397","463","28","462"
"398","464","28","464"
"399","465","28","464"
"400","466","28","466"
"401","467","28","466"
"402","468","37","46"
"403","469","37","85"
"404","470","37","97"
"405","471","37","98"
"406","472","37","134"
"407","473","37","136"
"408","474","37","138"
"409","475","37","140"
"410","476","37","231"
"411","477","29","95"
"412","478","31","96"
"413","479","29","128"
"414","480","31","129"
"415","481","31","130"
"416","482","29","153"
"417","483","29","154"
"418","484","42","40"
"419","485","42","41"
"420","486","53","486"
"421","487","53","486"
"422","489","53","486"
"423","488","54","488"
"424","490","54","488"
"425","491","53","486"
"426","492","54","488"
"427","493","32","254"
"428","494","23","494"
"429","495","23","494"
"430","496","28","496"
"431","497","28","496"
"432","500","42","41"
"433","498","42","498"
"434","499","42","498"
"435","501","37","46"
"438","504","37","85"
"439","505","29","95"
"440","506","31","96"
"441","507","37","97"
"442","508","37","98"
"443","509","29","128"
"444","510","31","129"
"445","511","31","130"
"446","512","37","134"
"447","513","37","136"
"448","514","37","138"
"449","515","37","140"
"450","516","29","153"
"451","517","29","154"
"452","518","37","231"
"453","519","31","171"
"454","520","29","71"
"455","523","53","486"
"456","522","55","521"
"457","521","55","521"
"458","531","56","531"
"459","532","56","531"
"460","524","23","524"
"461","525","23","524"
"462","526","23","524"
"463","527","23","524"
"464","528","23","524"
"465","529","23","529"
"466","530","23","529"
"467","533","23","524"
"468","534","23","529"
"469","535","23","524"
"470","536","23","529"
"471","537","23","524"
"472","538","23","529"
"473","543","50","398"
"474","549","54","488"
"475","550","53","486"
"476","551","54","488"
"477","552","55","521"
"478","544","50","544"
"479","545","50","544"
"480","553","57","553"
"481","554","57","553"
"482","556","58","555"
"483","555","58","555"
"484","558","59","557"
"485","557","59","557"
"486","559","35","49"
"487","566","2","17"
"488","567","2","17"
"489","568","2","17"
"491","570","23","20"
"492","571","23","20"
"493","572","23","51"
"494","573","23","121"
"495","574","19","19"
"496","575","19","52"
"497","576","19","52"
"498","577","19","120"
"499","578","19","19"
"500","579","19","52"
"501","580","19","120"
"502","581","15","13"
"503","582","15","346"
"504","583","41","45"
"505","584","41","160"
"506","585","45","47"
"507","586","45","152"
"508","587","37","587"
"509","588","37","587"
"510","589","37","587"
"511","590","37","590"
"512","591","37","590"
"513","592","37","587"
"514","593","17","14"
"515","594","27","37"
"516","595","47","90"
"517","596","2","114"
"518","597","5","115"
"519","598","27","150"
"520","599","29","60"
"521","600","29","131"
"522","601","39","70"
"523","602","21","122"
"524","603","5","258"
"525","604","38","264"
"526","605","24","261"
"527","606","36","172"
"528","607","31","82"
"529","608","46","55"
"530","609","49","89"
"531","610","49","110"
"532","611","16","81"
"533","612","30","252"
"534","613","51","361"
"535","614","3","91"
"536","615","37","139"
"537","616","37","238"
"538","617","40","170"
"539","618","31","132"
"540","619","17","159"
"541","620","32","254"
"542","621","23","494"
"543","622","42","498"
"544","623","42","41"
"547","626","31","171"
"548","627","56","531"
"549","628","23","121"
"550","629","19","120"
"551","630","41","160"
"552","631","3","61"
"553","632","20","62"
"554","633","24","63"
"555","634","38","64"
"556","635","23","65"
"557","636","18","66"
"558","637","20","116"
"559","638","24","117"
"560","639","38","118"
"561","640","23","119"
"562","641","3","113"
"563","642","48","112"
"564","643","19","240"
"565","646","29","164"
"566","647","29","165"
"567","648","31","166"
"568","649","31","167"
"569","650","13","125"
"570","651","13","126"
"571","652","14","67"
"572","653","14","124"
"573","654","26","337"
"574","655","31","169"
"575","656","18","123"
"576","657","31","96"
"577","658","31","129"
"578","659","31","130"
"579","660","37","140"
"580","661","29","153"
"581","662","29","154"
"582","663","37","231"
"584","665","15","13"
"585","666","15","346"
"586","667","15","346"
"587","668","41","45"
"588","669","45","47"
"589","670","45","152"
"590","671","29","164"
"591","672","31","167"
"592","673","29","131"
"593","674","31","132"
"594","675","37","139"
"595","676","31","171"
"596","677","37","238"
"597","678","42","498"
"598","683","56","531"
"599","684","51","361"
"600","679","22","679"
"601","680","22","679"
"602","685","56","685"
"603","686","56","685"
"604","688","56","685"
"605","694","56","685"
"606","691","37","691"
"607","692","37","691"
"608","696","37","696"
"609","697","37","696"
"610","687","60","687"
"611","689","60","687"
"612","690","60","687"
"613","695","60","687"
"614","698","22","679"
"615","703","19","120"
"616","704","17","159"
"617","705","40","170"
"618","706","39","70"
"619","707","15","13"
"620","708","16","81"
"621","709","15","346"
"622","710","49","89"
"623","711","49","110"
"624","712","4","80"
"625","713","20","69"
"626","714","20","69"
"627","715","20","84"
"628","716","28","454"
"629","717","28","496"
"630","718","28","456"
"631","719","28","458"
"632","720","28","460"
"633","721","28","462"
"634","722","28","464"
"635","723","28","466"
"636","724","28","496"
"637","725","28","496"
"638","728","23","529"
"639","419","61","419"
"640","420","61","419"
"641","569","61","419"
"642","664","61","419"
"643","432","62","432"
"644","433","62","432"
"645","562","63","562"
"646","563","63","562"
"647","565","63","562"
"648","729","63","562"
"649","730","52","441"
"650","731","52","441"
"651","732","52","441"
"652","738","67","738"
"653","739","67","738"
"654","736","66","736"
"655","737","66","736"
"656","733","65","733"
"657","734","65","733"
"658","176","64","176"
"659","177","64","176"
"660","735","64","176"
"661","741","46","55"
"662","742","47","90"
"663","743","46","55"
"664","744","46","55"
"665","745","23","35"
"666","748","37","748"
"667","749","37","748"
"668","750","37","748"
"669","751","37","751"
"670","752","37","751"
"671","753","29","753"
"672","754","29","753"
"673","757","46","55"
"674","759","25","43"
"677","766","65","733"
"678","767","64","176"
"679","768","66","736"
"680","769","67","738"
"681","770","29","770"
"682","771","29","770"
"683","772","29","772"
"684","773","29","772"
"685","774","29","774"
"686","775","29","774"
"687","778","28","496"
"688","779","28","496"
"689","780","28","496"
"690","781","28","454"
"691","782","28","456"
"692","783","28","458"
"693","784","28","460"
"694","785","28","462"
"695","786","28","464"
"696","787","28","466"
"697","788","19","19"
"698","789","19","19"
"699","790","19","52"
"700","791","19","120"
"701","792","32","254"
"702","819","29","753"
"703","820","29","753"
"704","821","29","154"
"705","822","29","770"
"706","823","29","153"
"707","824","29","95"
"708","825","29","128"
"709","828","31","96"
"710","829","31","129"
"711","830","31","130"
"712","833","37","751"
"713","834","37","751"
"714","835","37","136"
"715","836","37","751"
"716","837","37","231"
"717","838","37","140"
"718","839","37","46"
"719","840","37","97"
"720","841","37","691"
"721","842","37","98"
"722","843","37","587"
"723","844","37","134"
"724","845","37","138"
"725","846","37","85"
"726","847","37","847"
"727","848","37","847"
"728","800","37","800"
"729","801","37","800"
"730","802","37","800"
"731","803","37","803"
"732","804","37","803"
"733","805","37","805"
"734","806","37","805"
"735","807","37","807"
"736","808","37","807"
"737","809","37","809"
"738","810","37","809"
"739","811","37","811"
"740","812","37","811"
"741","813","37","813"
"742","814","37","813"
"743","815","37","815"
"744","816","37","815"
"745","817","37","817"
"746","818","37","817"
"747","793","29","793"
"748","794","29","793"
"749","795","29","793"
"750","796","29","796"
"751","797","29","793"
"752","798","29","798"
"753","799","29","798"
"754","826","29","826"
"755","827","29","826"
"756","831","31","831"
"757","832","31","831"
"758","849","29","793"
"759","850","29","798"
"760","851","37","800"
"761","852","37","803"
"762","853","37","805"
"763","854","37","807"
"764","855","37","809"
"765","856","37","811"
"766","857","37","813"
"767","858","37","815"
"768","859","37","817"
"769","860","29","826"
"770","861","31","831"
"771","862","29","753"
"772","863","29","154"
"773","864","29","770"
"774","865","29","153"
"775","866","29","95"
"776","867","29","128"
"777","868","31","96"
"778","869","31","129"
"779","870","31","130"
"780","871","37","136"
"781","872","37","751"
"782","873","37","46"
"783","874","37","231"
"784","875","37","140"
"785","876","37","97"
"786","877","37","691"
"787","878","37","98"
"788","879","37","587"
"789","880","37","134"
"790","881","37","138"
"791","882","37","85"
"792","883","37","847"
"793","884","37","800"
"794","885","37","803"
"795","886","37","805"
"796","887","37","807"
"797","888","37","809"
"798","889","37","811"
"799","890","37","813"
"800","891","37","815"
"801","892","37","817"
"802","893","37","136"
"803","894","37","800"
"804","895","37","751"
"805","896","29","753"
"806","897","29","153"
"807","898","29","826"
"808","899","31","130"
"809","900","31","831"
"810","901","37","140"
"811","902","37","134"
"812","903","37","813"
"813","904","29","770"
"814","905","31","96"
"815","906","31","129"
"816","907","31","130"
"817","908","31","831"
"818","909","37","748"
"819","910","37","107"
"820","911","37","23"
"821","912","68","912"
"822","913","68","912"
"823","914","69","914"
"824","915","69","914"
"825","916","70","916"
"826","917","70","916"
"827","918","23","44"
"828","919","23","494"
"829","920","23","44"
"830","921","23","494"
"831","922","71","922"
"832","923","71","922"
"833","924","71","922"
"834","926","37","46"
"835","925","37","925"
"836","927","37","925"
"837","932","59","557"
"838","933","53","486"
"839","934","53","486"
"840","935","54","488"
"841","936","55","521"
"842","937","50","544"
"843","938","57","553"
"844","939","58","555"
"845","940","59","557"
"846","941","68","912"
"847","942","69","914"
"848","943","70","916"
"849","947","35","928"
"850","928","35","928"
"851","929","35","928"
"852","944","72","108"
"853","931","72","930"
"854","930","72","930"
"855","954","71","922"
"856","948","73","948"
"857","949","73","948"
"858","950","74","950"
"859","951","74","950"
"862","955","76","955"
"863","956","76","955"
"864","957","77","957"
"865","958","77","957"
"866","962","55","521"
"867","963","73","948"
"868","964","74","950"
"869","965","79","965"
"870","966","79","965"
"871","967","79","965"
"872","968","80","968"
"873","969","80","968"
"874","970","37","39"
"875","971","37","99"
"876","972","37","100"
"877","973","37","135"
"878","974","37","139"
"879","975","37","141"
"880","976","37","238"
"881","977","37","277"
"882","978","37","590"
"883","979","37","696"
"884","980","29","36"
"885","981","29","60"
"886","982","29","71"
"887","983","31","82"
"888","984","29","131"
"889","985","31","132"
"890","986","31","171"
"891","987","37","137"
"892","989","72","930"
"893","990","73","948"
"894","991","74","950"
"895","992","73","948"
"897","994","75","952"
"898","999","74","950"
"904","1001","74","950"
"905","1002","73","948"
"906","1003","75","952"
"917","1014","83","1014"
"918","1015","83","1014"
"919","1016","84","1016"
"920","1017","84","1016"
"921","1018","84","1016"
"922","1019","85","1019"
"923","1020","85","1019"
"924","1024","84","1016"
"925","1021","86","1021"
"926","1022","86","1021"
"927","1023","87","1023"
"929","1025","87","1023"
"930","1026","70","916"
"931","1029","72","930"
"932","1030","72","930"
"933","1027","70","1027"
"934","1028","70","1027"
"935","1035","68","912"
"936","1031","68","1031"
"937","1032","68","1031"
"938","1033","68","1033"
"939","1034","68","1033"
"940","1036","70","916"
"941","1037","79","965"
"944","1038","88","1038"
"945","1039","88","1038"
"946","1040","89","1040"
"947","1041","89","1040"
"948","1042","90","1042"
"949","1043","90","1042"
"950","1044","92","1044"
"951","1045","92","1044"
"952","1046","49","89"
"953","1048","26","337"
"954","1047","26","1047"
"955","1049","26","1047"
"956","1050","26","1050"
"957","1051","26","1050"
"958","1052","26","1050"
"959","1053","26","1047"
"960","1054","26","337"
"961","1055","26","1047"
"962","1058","4","80"
"968","1064","17","14"
"969","1065","17","159"
"970","1066","46","55"
"971","1067","47","90"
"972","1070","89","1070"
"973","1071","89","1070"
"975","1068","88","1068"
"976","1069","88","1068"
"977","1073","118","1072"
"978","1072","118","1072"
"979","1082","119","1082"
"980","1083","119","1082"
"981","1084","95","1084"
"982","1085","95","1084"
"983","1086","118","1072"
"984","1087","119","1082"
"985","1089","25","43"
"986","1090","85","1019"
"987","1091","84","1016"
"989","1092","26","1050"
"990","1093","46","55"
"991","1095","22","156"
"992","1096","22","163"
"993","1097","22","679"
"994","1098","9","56"
"995","1099","8","57"
"996","1100","18","31"
"997","1101","99","1101"
"998","1102","99","1101"
"999","1103","120","1103"
"1000","1104","120","1103"
"1001","1105","120","1103"
"1002","1106","121","1106"
"1003","1107","121","1106"
"1004","1115","28","78"
"1005","1121","5","18"
"1006","1122","10","127"
"1007","1123","11","201"
"1008","1124","2","17"
"1009","1125","2","114"
"1010","1126","5","115"
"1011","1127","20","116"
"1012","1128","24","117"
"1013","1129","38","118"
"1014","1130","23","119"
"1015","1131","3","113"
"1016","1132","13","126"
"1017","1133","14","124"
"1018","1134","18","123"
"1019","1135","6","9"
"1020","1136","6","9"
"1021","1137","3","10"
"1022","1138","11","11"
"1023","1139","20","22"
"1024","1140","23","24"
"1025","1141","19","26"
"1026","1142","23","27"
"1027","1143","24","29"
"1028","1144","38","30"
"1029","1145","18","32"
"1030","1146","33","33"
"1031","1147","34","34"
"1032","1148","23","38"
"1033","1149","48","42"
"1034","1150","21","48"
"1035","1151","10","88"
"1036","1152","3","142"
"1037","1153","20","144"
"1038","1154","19","145"
"1039","1155","23","146"
"1040","1156","24","147"
"1041","1157","38","148"
"1042","1158","33","149"
"1043","1159","23","151"
"1044","1160","7","161"
"1045","1161","20","162"
"1046","1162","12","155"
"1047","1163","3","299"
"1048","1164","3","301"
"1049","1165","13","12"
"1050","1166","13","143"
"1051","1167","30","25"
"1052","1168","30","15"
"1053","1169","62","432"
"1054","1171","27","37"
"1055","1172","27","150"
"1056","1173","5","258"
"1057","1174","38","264"
"1058","1175","24","261"
"1059","1176","36","172"
"1060","1177","30","252"
"1061","1178","3","91"
"1062","1179","41","160"
"1063","1180","3","61"
"1064","1181","20","62"
"1065","1182","24","63"
"1066","1183","19","240"
"1067","1184","23","65"
"1068","1185","18","66"
"1069","1186","38","64"
"1070","1187","13","125"
"1071","1188","14","67"
"1072","1189","61","419"
"1073","1190","45","47"
"1074","1191","45","152"
"1075","1192","56","531"
"1076","1193","51","361"
"1077","1194","56","685"
"1078","1195","60","687"
"1079","1196","16","81"
"1080","1198","63","562"
"1081","1199","52","441"
"1082","1202","32","254"
"1083","1203","17","14"
"1084","1204","47","90"
"1085","1205","18","31"
"1086","1206","7","161"
"1087","1207","12","155"
"1088","1208","36","172"
"1089","1209","41","160"
"1090","1210","56","531"
"1091","1211","51","361"
"1092","1212","56","685"
"1093","1213","60","687"
"1094","1214","31","130"
"1095","1215","31","96"
"1096","1216","31","831"
"1097","1217","31","129"
"1098","1218","29","753"
"1099","1219","29","154"
"1100","1220","29","770"
"1101","1221","29","153"
"1102","1222","29","95"
"1103","1223","29","826"
"1104","1224","29","128"
"1105","1225","37","751"
"1106","1226","37","231"
"1107","1227","37","140"
"1108","1228","37","847"
"1109","1229","37","925"
"1110","1230","37","136"
"1111","1231","37","46"
"1112","1232","37","97"
"1113","1233","37","691"
"1114","1234","37","98"
"1115","1235","37","587"
"1116","1236","37","134"
"1117","1237","37","138"
"1118","1238","37","85"
"1119","1239","29","793"
"1120","1240","29","798"
"1121","1241","37","800"
"1122","1242","37","803"
"1123","1243","37","805"
"1124","1244","37","807"
"1125","1245","37","809"
"1126","1246","37","811"
"1127","1247","37","813"
"1128","1248","37","815"
"1129","1249","37","817"
"1130","1266","32","254"
"1131","1271","30","252"
"1132","1272","26","337"
"1133","1273","26","1047"
"1134","1274","26","1050"
"1135","1276","22","156"
"1136","1277","22","679"
"1137","1250","3","1250"
"1138","1251","3","1250"
"1139","1252","20","1252"
"1140","1253","20","1252"
"1141","1254","19","1254"
"1142","1255","19","1254"
"1143","1256","23","1256"
"1144","1257","23","1256"
"1145","1258","24","1258"
"1146","1259","24","1258"
"1147","1260","38","1260"
"1148","1261","38","1260"
"1149","1262","27","1262"
"1150","1263","27","1262"
"1151","1264","18","1264"
"1152","1265","18","1264"
"1153","1267","32","1267"
"1154","1268","32","1267"
"1155","1269","30","1269"
"1156","1270","30","1269"
"1157","1278","91","1278"
"1158","1279","91","1278"
"1159","1280","91","1278"
"1160","1281","15","346"
"1161","1282","21","21"
"1162","1283","21","53"
"1163","1284","21","122"
"1164","1285","52","441"
"1165","1286","23","524"
"1166","1287","23","529"
"1167","1288","30","1269"
"1168","1289","42","40"
"1169","1290","42","41"
"1170","1291","42","498"
"1186","1307","42","40"
"1187","1308","42","41"
"1188","1309","42","498"
"1189","1310","42","498"
"1190","1311","42","41"
"1191","1312","42","40"
"1197","1318","87","1016"
"1199","1319","87","1016"
"1201","1320","87","1023"
"1206","1321","87","1016"
"1214","1328","42","40"
"1215","1329","42","41"
"1216","1330","42","498"
"1219","1334","15","13"
"1220","1335","29","60"
"1221","1336","29","154"
"1222","1337","29","95"
"1223","1338","31","82"
"1224","1339","31","130"
"1225","1340","31","96"
"1226","1341","37","139"
"1227","1342","37","231"
"1228","1343","37","46"
"1229","1344","37","803"
"1230","1345","42","41"
"1231","1346","122","1346"
"1232","1347","122","1346"
"1233","1348","122","1346"
"1234","1350","76","1349"
"1235","1349","76","1349"
"1236","1351","102","1351"
"1237","1352","102","1351"
"1238","1353","33","1353"
"1239","1354","33","1353"
"1240","1355","124","1355"
"1241","1356","124","1355"
"1242","1357","124","1355"
"1243","1358","124","1355"
"1244","1359","3","1250"
"1245","1360","97","1360"
"1246","1361","97","1360"
"1247","1362","125","1362"
"1248","1363","125","1362"
"1249","1364","96","1364"
"1250","1365","96","1364"
"1251","1366","98","1366"
"1252","1367","98","1366"
"1253","1368","126","1368"
"1254","1369","126","1368"
"1255","1370","127","1370"
"1256","1371","127","1370"
"1257","1372","128","1372"
"1258","1373","128","1372"
"1259","1374","129","1374"
"1260","1375","129","1374"
"1261","1376","114","1376"
"1262","1377","114","1376"
"1263","1378","102","1378"
"1264","1379","102","1378"
"1265","1380","103","1380"
"1266","1381","103","1380"
"1267","1382","104","1382"
"1268","1383","104","1382"
"1269","1384","105","1384"
"1270","1385","105","1384"
"1271","1386","106","1386"
"1272","1387","106","1386"
"1273","995","134","995"
"1274","996","134","995"
"1275","1004","134","995"
"1276","1005","134","995"
"1277","1011","134","995"
"1278","997","135","997"
"1279","998","135","997"
"1280","1000","135","997"
"1281","1006","135","997"
"1282","1012","135","997"
"1283","1007","75","952"
"1284","952","75","952"
"1285","953","75","952"
"1286","993","75","952"
"1287","1008","136","1008"
"1288","1009","136","1008"
"1289","1010","136","1008"
"1290","1013","136","1008"
"1291","1388","136","1008"
"1292","1389","134","995"
"1293","1390","135","997"
"1294","108","138","108"
"1295","395","138","108"
"1296","396","138","108"
"1297","406","138","108"
"1298","546","138","108"
"1299","944","138","108"
"1300","946","138","108"
"1301","109","141","109"
"1302","397","141","109"
"1303","547","141","109"
"1304","548","141","109"
"1305","945","141","109"
"1317","1392","93","1391"
"1318","1391","93","1391"
"1319","1393","93","1391"
"1320","1394","31","1394"
"1321","1395","31","1394"
"1322","1396","31","1394"
"1323","1397","13","1397"
"1324","1398","13","1397"
"1325","1400","122","1346"
"1326","1402","122","1346"
"1327","1399","122","1399"
"1328","1401","122","1399"
"1329","1403","31","82"
"1330","1404","3","10"
"1331","1405","3","91"
"1332","1406","3","299"
"1333","1407","24","29"
"1334","1408","38","30"
"1335","1409","20","22"
"1336","1410","21","21"
"1337","1411","21","122"
"1338","1412","30","25"
"1339","1413","30","15"
"1340","1414","14","67"
"1341","1415","16","81"
"1342","1417","17","14"
"1343","1418","32","254"
"1344","1419","4","80"
"1345","1420","94","1420"
"1346","1421","94","1420"
"1347","1422","94","1420"
"1348","1423","37","1423"
"1349","1424","37","1423"
"1350","1425","37","1423"
"1351","1426","143","1426"
"1352","1427","143","1426"
"1353","1428","144","1428"
"1354","1429","144","1428"
"1355","1430","144","1428"
"1356","1431","41","45"
"1357","1432","45","47"
"1358","1433","45","152"
"1359","1434","41","160"
"1361","1302","145","1302"
"1362","1303","145","1302"
"1363","1306","145","1302"
"1364","1313","145","1302"
"1365","1331","145","1302"
"1366","1332","145","1302"
"1367","1435","145","1302"
"1368","1436","42","40"
"1369","1437","42","41"
"1370","1438","146","1438"
"1371","1439","146","1438"
"1372","1440","146","1438"
"1373","1441","147","1441"
"1374","1442","147","1441"
"1375","1443","148","1443"
"1376","1444","148","1443"
"1377","1445","149","1445"
"1378","1446","149","1445"
"1379","1447","146","1438"
"1380","1448","150","1448"
"1381","1449","150","1448"
"1382","1450","147","1441"
"1383","1451","80","968"
"1384","1452","37","1452"
"1385","1453","37","1452"
"1386","1454","151","1454"
"1387","1455","151","1454"
"1388","1456","41","160"
"1389","178","152","178"
"1390","179","152","178"
"1391","761","152","178"
"1392","1081","152","178"
"1393","180","153","180"
"1394","181","153","180"
"1395","762","153","180"
"1396","1458","154","1458"
"1397","1459","154","1458"
"1398","1460","154","1458"
"1399","1461","156","1461"
"1400","1462","156","1461"
"1401","1463","156","1461"
"1402","1466","143","1426"
"1403","1467","3","10"
"1404","1468","3","299"
"1405","1469","3","299"
"1406","1470","24","29"
"1407","1471","3","91"
"1408","1472","21","48"
"1409","1473","36","1473"
"1410","1474","36","1473"
"1411","1475","101","1475"
"1412","1476","101","1475"
"1413","1477","157","1477"
"1414","1478","157","1477"
"1415","1479","157","1479"
"1416","1480","157","1479"
"1417","1482","157","1481"
"1418","1481","157","1481"
"1419","1483","157","1483"
"1420","1484","157","1483"
"1421","1485","157","1485"
"1422","1486","157","1485"
"1423","1487","158","1487"
"1424","1488","158","1487"
"1425","1489","13","126"
"1426","1490","14","124"
"1427","1491","13","12"
"1428","1492","13","143"
"1429","1493","13","125"
"1430","1494","13","1397"
"1431","1495","14","67"
"1432","1496","155","1496"
"1433","1497","155","1496"
"1434","1498","118","1072"
"1435","1499","155","1496"
"1436","1500","108","1500"
"1437","1501","108","1500"
"1438","1502","37","1423"
"1439","1503","108","1500"
"1440","1504","37","751"
"1441","1505","29","753"
"1448","1506","30","1506"
"1449","1507","30","1506"
"1450","1508","30","1506"
"1451","1509","37","800"
"1452","1510","37","135"
"1453","1511","25","43"
"1454","1514","121","1106"
"1455","1512","87","1512"
"1456","1513","87","1512"
"1457","1515","121","1515"
"1458","1516","121","1515"
"1459","1517","121","1515"
"1460","1518","121","1106"
"1461","1519","85","1019"
"1462","1520","87","1512"
"1463","1521","87","1023"
"1464","1522","160","1522"
"1465","1523","160","1522"
"1466","1524","161","1524"
"1467","1525","161","1524"
"1468","1526","29","753"
"1469","1527","29","753"
"1470","408","42","384"
"1471","409","42","409"
"1472","410","42","409"
"1473","411","42","384"
"1474","412","42","384"
"1475","413","42","409"
"1476","414","42","384"
"1477","415","42","409"
"1478","417","42","409"
"1479","418","42","409"
"1480","502","42","384"
"1481","503","42","409"
"1482","625","42","409"
"1483","624","42","384"
"1484","763","42","384"
"1485","764","42","409"
"1486","1292","42","384"
"1487","1293","42","409"
"1488","1294","42","1294"
"1489","1297","42","1296"
"1490","1300","42","1300"
"1491","1295","42","1294"
"1492","1298","42","1298"
"1493","1301","42","1300"
"1494","1304","42","384"
"1495","1296","42","1296"
"1496","1299","42","1298"
"1497","1305","42","409"
"1498","1315","42","1296"
"1499","1316","42","1298"
"1500","1314","42","1294"
"1501","1317","42","1300"
"1502","1322","42","1296"
"1503","1324","42","409"
"1504","1323","42","1294"
"1505","1292","145","384"
"1506","1293","145","409"
"1507","1304","145","384"
"1508","1305","145","409"
"1509","1324","145","409"
"1510","1327","145","384"
"1511","1325","145","409"
"1512","1326","145","384"
"1513","1333","145","1333"
"1514","1529","163","1528"
"1515","1528","163","1528"
"1516","1530","37","1530"
"1517","1531","37","1530"
"1518","1532","122","1346"
"1519","1533","22","1533"
"1520","1534","22","1533"
"1521","1535","21","1535"
"1522","1536","21","1535"
"1523","1537","21","48"
"1524","1538","21","1535"
"1525","1539","3","10"
"1526","1540","3","91"
"1527","1541","3","299"
"1528","1542","24","29"
"1529","1543","38","30"
"1530","1544","20","22"
"1531","1545","21","1535"
"1532","1548","52","441"
"1533","1549","35","49"
"1534","1550","35","928"
"1535","1551","53","486"
"1536","1552","54","488"
"1537","1564","164","1564"
"1538","1565","164","1564"
"1539","1566","164","1564"
"1540","1567","143","1567"
"1541","1568","143","1567"
"1542","1560","165","1560"
"1543","1561","165","1560"
"1544","1563","165","1560"
"1545","1556","166","1556"
"1546","1557","166","1556"
"1547","1558","166","1558"
"1548","1559","166","1558"
"1549","1562","166","1558"
"1550","1573","163","1528"
"1551","1574","166","1556"
"1552","1583","42","1583"
"1553","1584","42","1583"
"1554","1585","42","1583"
"1555","1587","24","1586"
"1556","1586","24","1586"
"1557","1588","24","1586"
"1558","1590","24","1586"
"1559","1592","24","1592"
"1560","1593","24","1586"
"1561","1595","24","1592"
"1562","1589","38","1589"
"1563","1591","38","1589"
"1564","1594","38","1589"
"1565","1596","38","1596"
"1566","1597","38","1596"
"1567","1598","38","1596"
"1568","1599","24","1586"
"1569","1600","38","1596"
"1570","1601","38","1596"
"1571","1602","24","1592"
"1572","1603","38","1589"
"1573","1604","24","1586"
"1574","1605","15","1605"
"1575","1606","15","1605"
"1576","1607","15","1605"
"1577","1608","15","1608"
"1578","1609","15","1608"
"1579","1610","15","1608"
"1580","1611","15","1608"
"1581","1612","15","1608"
"1582","1613","116","1613"
"1583","1614","116","1613"
"1584","1629","35","1629"
"1585","1630","35","1629"
"1586","1615","93","1615"
"1587","1616","93","1615"
"1588","1618","93","1615"
"1589","1620","167","1620"
"1590","1621","167","1620"
"1591","1635","167","1620"
"1592","1617","168","1617"
"1593","1619","168","1617"
"1594","1623","168","1617"
"1595","1622","169","1622"
"1596","1624","169","1622"
"1597","1628","169","1622"
"1598","1636","169","1622"
"1599","1625","170","1625"
"1600","1626","170","1625"
"1601","1627","170","1625"
"1602","1637","170","1625"
"1603","1638","35","1629"
"1604","1639","93","1615"
"1605","1640","168","1617"
"1606","1641","169","1622"
"1607","1645","54","488"
"1608","1643","54","1643"
"1609","1644","54","1643"
"1610","1646","112","1646"
"1611","1647","112","1646"
"1612","1648","108","1500"
"1613","1649","42","40"
"1614","1650","31","171"
"1615","1651","29","36"
"1616","1652","29","71"
"1617","1653","30","15"
"1618","1654","30","25"
"1619","1655","29","60"
"1620","1656","31","82"
"1621","1657","28","496"
"1622","1658","28","456"
"1623","1659","28","454"
"1624","1660","28","458"
"1625","1661","28","462"
"1626","1662","28","460"
"1627","1663","28","466"
"1628","1664","28","464"
"1629","1665","32","1267"
"1630","1666","30","252"
"1631","1667","30","1269"
"1632","1668","32","254"
"1633","1669","162","1669"
"1634","1670","162","1669"
"1635","1671","162","1669"
"1636","1670","162","1669"
"1637","1672","38","1596"
"1638","1673","30","15"
"1639","1674","30","25"
"1640","1675","30","252"
"1641","1676","30","1269"
"1642","1677","32","1267"
"1643","1678","32","254"
"1644","1679","32","254"
"1645","1680","32","1680"
"1646","1681","32","1680"
"1647","1682","32","1682"
"1648","1683","32","1682"
"1649","1686","31","82"
"1650","1687","52","441"
"1651","1688","52","441"
"1652","1689","10","127"
"1653","1696","73","948"
"1654","1697","37","46"
"1655","1698","37","85"
"1656","1699","37","97"
"1657","1700","37","98"
"1658","1701","37","136"
"1659","1702","37","138"
"1660","1703","37","231"
"1661","1704","37","587"
"1662","1705","37","691"
"1663","1706","37","751"
"1664","1707","37","847"
"1665","1708","37","925"
"1666","1709","37","1423"
"1667","1710","37","1530"
"1668","1712","29","793"
"1669","1713","29","770"
"1670","1714","29","128"
"1671","1715","29","154"
"1672","1716","29","95"
"1673","1717","29","753"
"1674","1719","31","96"
"1675","1720","31","129"
"1676","1721","31","130"
"1677","1722","31","1394"
"1678","1723","23","524"
"1679","1724","23","529"
"1680","1725","21","21"
"1681","1726","21","53"
"1682","1727","21","122"
"1683","1693","29","1693"
"1684","1694","29","1693"
"1685","1690","37","1690"
"1686","1691","37","1690"
"1687","1692","37","1690"
"1688","1711","37","1690"
"1689","1729","30","1269"
"1690","1730","32","1267"
"1691","1731","30","252"
"1692","1732","30","25"
"1693","1733","30","15"
"1694","1734","30","1506"
"1695","1735","171","1735"
"1696","1736","171","1735"
"1697","1737","172","1737"
"1698","1738","172","1737"
"1699","1739","171","1735"
"1700","1740","172","1737"
"1701","1742","42","1741"
"1702","1741","42","1741"
"1703","1743","42","1741"
"1704","1744","29","71"
"1705","1745","29","36"
"1706","1746","29","60"
"1707","1747","23","494"
"1708","1748","21","1748"
"1709","1749","21","1748"
"1710","1751","124","1355"
"1711","1752","118","1072"
"1712","1753","163","1528"
"1713","1754","7","161"
"1714","1755","12","155"
"1715","1756","88","1756"
"1716","1757","88","1756"
"1717","1758","89","1758"
"1718","1759","89","1758"
"1719","1760","89","1758"
"1720","1761","30","252"
"1721","1765","50","544"
"1722","1766","57","553"
"1723","1767","58","555"
"1724","1768","59","557"
"1725","1769","69","914"
"1726","1770","141","109"
"1727","1771","138","108"
"1728","1772","71","922"
"1729","1773","76","955"
"1730","1774","77","957"
"1731","1776","55","521"
"1732","1777","74","950"
"1733","1778","75","952"
"1734","1779","83","1014"
"1735","1780","86","1021"
"1736","1781","70","1027"
"1737","1782","72","930"
"1738","1783","68","1031"
"1739","1784","68","1033"
"1740","1785","68","912"
"1741","1786","70","916"
"1742","1787","79","965"
"1743","1788","88","1038"
"1744","1789","89","1040"
"1745","1790","90","1042"
"1746","1791","92","1044"
"1747","1792","88","1068"
"1748","1793","89","1070"
"1749","1794","95","1084"
"1750","1795","119","1082"
"1751","1796","99","1101"
"1752","1797","120","1103"
"1753","1798","91","1278"
"1754","1799","87","1016"
"1756","1800","76","1349"
"1757","1801","102","1351"
"1758","1802","97","1360"
"1759","1803","125","1362"
"1760","1804","96","1364"
"1761","1805","98","1366"
"1762","1806","126","1368"
"1763","1807","127","1370"
"1764","1808","128","1372"
"1765","1809","129","1374"
"1766","1810","114","1376"
"1767","1811","102","1378"
"1768","1812","103","1380"
"1769","1813","104","1382"
"1770","1814","105","1384"
"1771","1815","106","1386"
"1772","1816","136","1008"
"1773","1817","134","995"
"1774","1818","135","997"
"1775","1819","93","1391"
"1776","1820","122","1399"
"1777","1821","94","1420"
"1778","1822","144","1428"
"1779","1823","80","968"
"1780","1824","151","1454"
"1781","1825","154","1458"
"1782","1826","156","1461"
"1783","1827","101","1475"
"1784","1828","157","1477"
"1785","1829","157","1479"
"1786","1830","157","1481"
"1787","1831","157","1483"
"1788","1832","157","1485"
"1789","1833","158","1487"
"1790","1834","155","1496"
"1791","1835","121","1515"
"1792","1836","121","1106"
"1793","1837","85","1019"
"1794","1838","87","1512"
"1796","1840","160","1522"
"1797","1841","161","1524"
"1798","1842","122","1346"
"1799","1843","35","928"
"1800","1844","53","486"
"1801","1845","54","488"
"1802","1846","108","1500"
"1803","1847","73","948"
"1804","1848","112","1646"
"1805","1849","143","1849"
"1806","1850","143","1849"
"1807","1851","42","1741"
"1808","1056","117","1056"
"1809","1057","117","1056"
"1810","1750","117","1056"
"1811","1852","22","1852"
"1812","1853","22","1852"
"1813","1854","88","1038"
"1814","1855","88","1068"
"1815","1856","89","1040"
"1816","1857","89","1070"
"1817","1858","19","19"
"1818","1859","19","52"
"1819","1860","19","120"
"1820","1863","111","1863"
"1821","1864","111","1863"
"1822","1866","162","1669"
"1823","1865","173","1865"
"1824","1867","173","1865"
"1825","1868","167","1620"
"1826","1871","174","1871"
"1827","1872","174","1871"
"1828","1869","175","1869"
"1829","1870","175","1869"
"1830","1873","88","1873"
"1831","1874","88","1873"
"1832","1875","88","1875"
"1833","1876","88","1875"
"1834","1879","88","1875"
"1835","1877","79","1877"
"1836","1878","79","1877"
"1837","1880","79","1880"
"1838","1881","79","1880"
"1839","1882","79","1877"
"1840","1883","176","1883"
"1841","1884","176","1883"
"1842","1886","77","1885"
"1843","1885","77","1885"
"1844","1887","35","1887"
"1845","1888","35","1887"
"1846","1889","35","928"
"1847","1890","88","1875"
"1848","1891","33","1891"
"1849","1892","33","1891"
"1850","1893","33","1891"
"1851","1894","72","1894"
"1852","1895","72","1894"
"1853","1896","72","930"
"1854","1897","99","1101"
"1855","1910","42","1296"
"1856","1911","42","1294"
"1857","1912","145","409"
"1858","1913","145","384"
"1859","1914","87","1016"
"1861","1839","87","1023"
"1862","1915","166","1556"
"1863","1916","166","1558"
"1864","1917","166","1556"
"1865","1918","166","1558"
"1866","1921","77","1921"
"1867","1922","77","1921"
"1868","1923","29","71"
"1869","1924","29","36"
"1870","1925","29","60"
"1871","1926","31","171"
"1872","1927","31","82"
"1873","1928","42","41"
"1874","1929","42","1583"
"1875","1930","42","40"
"1876","1931","29","1931"
"1877","1932","29","1931"
"1878","1933","133","1933"
"1879","1934","133","1933"
"1880","1935","139","1935"
"1881","1936","139","1935"
"1882","1937","109","1937"
"1883","1938","109","1937"
"1884","1939","109","1937"
"1885","1940","110","1940"
"1886","1941","110","1940"
"1887","1942","132","1942"
"1888","1943","132","1942"
"1889","1946","102","1378"
"1890","1947","102","1351"
"1891","1944","102","1944"
"1892","1945","102","1944"
"1893","1948","183","1948"
"1894","1949","183","1948"
"1895","1950","180","1950"
"1896","1951","180","1950"
"1901","1952","12","155"
"1902","1953","76","1953"
"1903","1954","76","1953"
"1904","1955","170","1625"
"1905","1961","72","1960"
"1906","1960","72","1960"
"1907","1956","99","1956"
"1908","1957","99","1956"
"1909","1959","187","1958"
"1910","1962","187","1958"
"1911","1958","187","1958"
"1912","1963","99","1956"
"1913","1964","187","1958"
"1914","1965","72","1960"
"1915","1966","12","155"
"1916","1967","79","1967"
"1917","1968","79","1967"
"1918","1971","180","1950"
"1919","1972","183","1948"
"1920","1973","180","1950"
"1921","1974","183","1948"
"1922","1975","182","1975"
"1923","1976","182","1975"
"1924","1969","33","1969"
"1925","1970","33","1969"
"1926","1977","4","1977"
"1927","1978","4","1977"
"1928","1979","118","1979"
"1929","1980","118","1979"
"1930","1986","39","70"
"1931","1990","29","770"
"1932","1991","29","128"
"1933","1992","29","154"
"1934","1993","29","95"
"1935","1994","29","753"
"1936","1995","31","96"
"1937","1996","31","129"
"1938","1997","31","130"
"1939","1998","31","1394"
"1940","2000","29","1931"
"1941","2001","29","770"
"1942","2002","29","128"
"1943","2003","29","154"
"1944","2004","29","95"
"1945","2005","29","753"
"1946","2006","31","96"
"1947","2007","31","129"
"1948","2008","31","130"
"1949","2009","31","1394"
"1950","2011","29","1931"
"1951","2012","29","2012"
"1952","2013","29","2012"
"1953","2014","117","2014"
"1954","2015","117","2014"
"1955","2016","15","13"
"1956","2017","15","13"
"1957","2018","20","2018"
"1958","2019","20","2018"
"1959","2020","30","2020"
"1960","2021","30","2020"
"1961","2022","30","2022"
"1962","2023","30","2022"
"1963","2027","145","1302"
"1964","2028","42","2028"
"1965","2029","42","2028"
"1966","2030","23","35"
"1967","2031","29","95"
"1968","2032","31","96"
"1969","2033","29","128"
"1970","2034","31","129"
"1971","2035","31","130"
"1972","2036","29","154"
"1973","2037","29","753"
"1974","2038","29","770"
"1975","2039","31","1394"
"1976","2041","29","1931"
"1977","2042","29","2012"
"1978","2043","29","95"
"1979","2044","31","96"
"1980","2045","29","128"
"1981","2046","31","129"
"1982","2047","31","130"
"1983","2048","29","154"
"1984","2049","29","753"
"1985","2050","29","770"
"1986","2051","31","1394"
"1987","2053","29","1931"
"1988","2054","29","2012"
"1989","2055","31","96"
"1990","2056","31","129"
"1991","2057","31","130"
"1992","2058","31","1394"
"1993","2059","20","162"
"1994","2060","37","46"
"1995","2061","37","85"
"1996","2062","37","97"
"1997","2063","37","98"
"1998","2064","37","136"
"1999","2065","37","138"
"2000","2066","37","231"
"2001","2067","37","587"
"2002","2068","37","691"
"2003","2069","37","751"
"2004","2070","37","847"
"2005","2071","37","925"
"2006","2072","37","1423"
"2007","2073","37","1530"
"2008","2074","37","1690"
"2009","2075","37","46"
"2010","2076","37","85"
"2011","2077","37","97"
"2012","2078","37","98"
"2013","2079","37","136"
"2014","2080","37","138"
"2015","2081","37","231"
"2016","2082","37","587"
"2017","2083","37","691"
"2018","2084","37","751"
"2019","2085","37","847"
"2020","2086","37","925"
"2021","2087","37","1423"
"2022","2088","37","1530"
"2023","2089","37","1690"
"2024","2091","179","2090"
"2025","2090","179","2090"
"2026","2092","179","2090"
"2027","2093","182","1975"
"2028","2101","150","1448"
"2029","2102","150","1448"
"2030","2103","42","2103"
"2031","2104","42","2103"
"2032","2107","42","2103"
"2033","2110","42","2110"
"2034","2105","42","2105"
"2035","2108","42","2108"
"2036","2111","42","2110"
"2037","2106","42","2105"
"2038","2109","42","2108"
"2039","2112","42","2105"
"2041","2100","24","2094"
"2042","2096","38","2096"
"2043","2097","38","2096"
"2044","2099","38","2096"
"2045","2113","24","102"
"2046","2114","24","105"
"2047","2115","38","103"
"2048","2116","38","106"
"2049","2117","24","102"
"2050","2118","24","105"
"2051","2119","38","103"
"2052","2120","38","106"
"2053","2121","24","2121"
"2054","2125","24","2125"
"2055","2129","24","2129"
"2056","2133","24","2133"
"2057","2137","24","2137"
"2058","2141","24","2141"
"2059","2145","24","2145"
"2060","2123","38","2123"
"2061","2127","38","2127"
"2062","2131","38","2131"
"2063","2135","38","2135"
"2064","2139","38","2139"
"2065","2143","38","2143"
"2066","2147","38","2147"
"2067","2124","38","2123"
"2068","2128","38","2127"
"2069","2132","38","2131"
"2070","2136","38","2135"
"2071","2140","38","2139"
"2072","2144","38","2143"
"2073","2148","38","2147"
"2074","2122","24","2121"
"2075","2126","24","2125"
"2076","2130","24","2129"
"2077","2134","24","2133"
"2078","2138","24","2137"
"2079","2142","24","2141"
"2080","2146","24","2145"
"2081","2149","118","2149"
"2082","2150","118","2149"
"2083","2153","24","2129"
"2084","2155","24","29"
"2085","2156","38","30"
"2086","2157","24","63"
"2087","2158","38","64"
"2088","2159","24","102"
"2089","2160","38","103"
"2090","2161","24","105"
"2091","2162","38","106"
"2092","2163","24","117"
"2093","2164","38","118"
"2094","2165","24","147"
"2095","2166","38","148"
"2096","2167","118","1072"
"2097","2168","24","1258"
"2098","2169","38","1260"
"2099","2170","118","1979"
"2100","2171","29","2012"
"2101","2172","29","2172"
"2102","2173","29","2172"
"2103","2174","29","2172"
"2104","2175","29","2172"
"2105","2176","29","2172"
"2106","2180","29","2172"
"2107","2177","29","2177"
"2108","2178","29","2177"
"2109","2179","29","2177"
"2110","2181","24","2094"
"2111","2182","38","2096"
"2112","2183","150","1448"
"2113","2184","150","2184"
"2114","2185","150","2184"
"2115","2186","150","2184"
"2116","2187","173","2187"
"2117","2188","173","2187"
"2118","2189","173","2187"
"2119","2190","48","2190"
"2120","2191","48","2190"
"2121","2192","29","2172"
"2122","2193","29","2012"
"2123","2194","171","2194"
"2124","2195","171","2194"
"2125","2196","171","2194"
"2126","2198","171","2198"
"2127","2199","171","2198"
"2128","2197","171","2194"
"2129","2198","171","2198"
"2130","2200","171","2194"
"2131","2201","171","2198"
"2132","2202","171","2194"
"2133","2203","42","2103"
"2134","2204","42","2105"
"2135","2205","42","2108"
"2136","2206","42","2110"
"2137","2207","42","2028"
"2138","2208","42","1741"
"2139","2209","30","2209"
"2140","2210","30","2209"
"2141","2211","30","2211"
"2142","2212","30","2211"
"2143","2213","30","2213"
"2144","2214","30","2213"
"2145","2215","30","2215"
"2146","2216","30","2215"
"2147","2217","30","2209"
"2148","2218","30","2213"
"2149","2219","30","2215"
"2150","2220","30","2211"
"2151","2221","30","2213"
"2152","2222","30","2209"
"2153","2223","30","2213"
"2154","2224","30","2209"
"2155","2225","30","2213"
"2156","2226","30","2215"
"2157","2227","30","2215"
"2158","2228","30","2213"
"2159","2229","30","2022"
"2160","2230","30","2020"
"2161","2231","30","2020"
"2162","2232","30","2022"
"2163","2233","30","2213"
"2164","2234","30","2215"
"2165","2235","23","44"
"2166","2236","28","2236"
"2167","2237","28","2236"
"2168","2238","28","2236"
"2169","2239","18","123"
"2170","2240","18","66"
"2171","2242","18","31"
"2172","2243","18","1264"
"2173","2244","143","1426"
"2174","2245","143","1567"
"2175","2246","143","1849"
"2176","2256","4","2256"
"2177","2257","4","2256"
"2178","2258","4","2258"
"2179","2259","4","2258"
"2180","2260","4","2260"
"2181","2262","4","2262"
"2182","2261","4","2260"
"2183","2263","4","2262"
"2184","2264","4","2264"
"2185","2265","4","2264"
"2186","2266","118","2266"
"2187","2267","118","2266"
"2188","2268","118","2268"
"2189","2269","118","2268"
"2190","2270","118","2270"
"2191","2271","118","2270"
"2192","2272","118","2272"
"2193","2273","118","2272"
"2194","2274","118","2274"
"2195","2275","118","2274"
"2196","2276","124","2276"
"2197","2277","124","2276"
"2198","2278","124","2278"
"2199","2279","124","2278"
"2200","2280","124","2280"
"2201","2282","124","2282"
"2202","2283","124","2282"
"2203","2284","124","2284"
"2204","2281","124","2280"
"2205","2285","124","2284"
"2206","2286","37","46"
"2207","2287","37","847"
"2208","2288","37","46"
"2209","2289","24","2094"
"2210","2290","38","2096"
"2211","2291","29","2291"
"2212","2292","29","2291"
"2213","2293","4","2258"
"2214","2294","4","2260"
"2215","2295","33","2295"
"2216","2296","33","2295"
"2217","2297","37","97"
"2218","2298","37","98"
"2219","2299","37","691"
"2220","2300","37","587"
"2221","2301","37","98"
"2222","2302","37","97"
"2223","2303","61","419"
"2224","2304","62","432"
"2225","2305","6","9"
"2226","2306","115","2306"
"2227","2307","115","2306"
"2228","2308","115","2306"
"2229","2309","31","129"
"2234","2310","37","2310"
"2235","2311","37","2310"
"2236","2312","171","2194"
"2237","2313","42","2028"
"2238","2314","48","2190"
"2239","2315","68","1031"
"2240","2316","70","916"
"2241","2317","29","95"
"2242","2318","29","128"
"2243","2319","29","2172"
"2244","2320","29","2012"
"2245","2321","29","2291"
"2246","2322","37","46"
"2247","2323","37","138"
"2248","2324","88","1873"
"2249","2325","88","1873"
"2250","2326","88","1875"
"2251","2327","35","1887"
"2252","2328","77","1885"
"2253","2329","176","1883"
"2254","2330","79","1877"
"2255","2331","175","1869"
"2256","2332","174","1871"
"2257","2333","162","1669"
"2258","2334","173","1865"
"2259","2339","55","2339"
"2260","2340","55","2339"
"2261","2337","70","2337"
"2262","2338","70","2337"
"2263","2335","83","2335"
"2264","2336","83","2335"
