"id","common_name","common_name_en","alertable","active","selectable","border_reaction"
"1","Aëromonas spp.","Aeromonas spp.","1","1","1","0"
"2","Aëroob kiemgetal 22°C","Aerobic plate count 22°C
","1","1","1","0"
"3","Aëroob kiemgetal 30°C","Aerobic plate count 30°C
","1","1","1","0"
"4","Aëroob kiemgetal 30°C - Rodac afdukplaat","Aerobic plate count 30°C - Rodac agar plate","1","1","1","0"
"5","Aëroob kiemgetal 36°C","Aerobic plate count 36°C
","1","1","1","0"
"6","Aëroob psychrofiel kiemgetal 10°C","Aerobic psychrophilic plate count 10°C","1","1","1","0"
"7","Aëroob thermofiel kiemgetal 55°C","Aerobic thermophilic plate count 55°C","1","1","1","0"
"8","Alicyclobacillus acidoterrestris","Alicyclobacillus acidoterrestris
","1","1","0","1"
"9","Alicyclobacillus spp.","Alicyclobacillus spp.
","1","1","0","1"
"10","Anaërobe sporen","Anaerobic spores
","1","1","1","0"
"11","Anaëroob kiemgetal 30°C","Anaerobic plate count 30°C
","1","1","1","0"
"12","Anaëroob thermofiel kiemgetal 55°C","Anaerobic thermophilic plate count 55°C
","1","1","1","0"
"13","Bacillus cereus","Bacillus cereus
","1","1","1","0"
"14","Bacillus spp. - telling","Bacillus spp.","1","1","1","0"
"15","Campylobacter spp. - aan/afwezigheid","Campylobacter spp. - presence/absence
","1","1","1","1"
"16","Campylobacter spp. - telling","Campylobacter spp. - enumeration
","1","1","1","0"
"17","Clostridium perfringens","Clostridium perfringens
","1","1","1","0"
"18","Coagulase positieve staphylococcen","Coagulase positive staphylococci
","1","1","1","0"
"19","Coliformen","Coliforms","1","1","1","0"
"20","Enterobacteriaceae","Enterobacteriaceae","1","1","1","0"
"21","Enterococcen","Enterococci
","1","1","1","0"
"22","Escherichia coli - aan/afwezigheid","Escherichia coli - presence/absence
","1","1","1","1"
"23","Escherichia coli - telling","Escherichia coli - enumeration
","1","1","1","0"
"24","Gisten","Yeasts
","1","1","1","0"
"25","Groeiremmende stoffen","Growth-inhibiting substances
","1","1","1","1"
"26","Heat resistant moulds (HRM)","Heat resistant molds (HRM)
","1","1","1","0"
"27","Lactobacillen","Lactobacilli
","1","1","1","0"
"28","Legionella spp.","Legionella spp.
","1","1","1","0"
"29","Listeria monocytogenes - aan/afwezigheid","Listeria monocytogenes - presence/absence
","1","1","1","1"
"30","Listeria monocytogenes - telling","Listeria monocytogenes - enumeration
","1","1","1","0"
"31","Listeria spp. - aan/afwezigheid","Listeria spp. - presence/absence","1","1","1","1"
"32","Listeria spp. - telling","Listeria spp. - enumeration
","1","1","1","0"
"33","Melkzuurbacteriën","Lactic acid bacteria
","1","1","1","0"
"34","Niet-melkzuurbacteriën","Non-lactic acid bacteria
","1","1","1","0"
"35","pH","pH
","1","1","1","0"
"36","Pseudomonas spp.","Pseudomonas spp.
","1","1","1","0"
"37","Salmonella spp.","Salmonella spp.
","1","1","1","1"
"38","Schimmels","Moulds
","1","1","1","0"
"39","Shigella spp.","Shigella spp.
","1","1","1","1"
"40","Sporen van Clostridium perfringens","Spores of Clostridium perfringens
","1","1","1","0"
"41","Sporen van sulfiet reducerende anaerobe Clostridia","Spores of sulfite-reducing anaerobic Clostridia
","1","1","1","0"
"42","STEC (Shigatoxine producerende Escherichia coli) - screening","STEC (Shiga toxin producing Escherichia coli) - screening
","1","1","1","1"
"43","STEC | E. coli isolaat - stx genen",NA,"1","0","0","1"
"44","STEC | E. coli isolaat - eae genen",NA,"1","0","0","1"
"45","Sulfiet reducerende anaerobe bacteriën","Sulphite reducing anaerobic bacteria","1","1","1","0"
"46","Thermofiele Acidofiele Bacilli (TAB) - aan/afwezigheid","Thermophilic Acidophilic Bacilli (TAB) - presence/absence","1","1","1","1"
"47","Thermofiele Acidofiele Bacilli (TAB) - telling","Thermophilic Acidophilic Bacilli (TAB) - enumeration","1","1","1","0"
"48","Thermotolerante coliformen","Thermotolerant coliforms","1","1","1","0"
"49","Vibrio spp. - aan/afwezigheid","Vibrio spp. - presence/absence","1","1","1","1"
"50","Wateractiviteit (Aw-waarde)","Water activity (Aw value)","1","1","1","0"
"51","Osmotolerante gisten","Osmotolerant yeasts","1","1","1","0"
"52","Aërobe sporen","Aerobic spores","1","1","1","0"
"53","Benzoëzuur","Benzoic acid","1","1","1","0"
"54","Sulfiet","Sulfite","1","1","1","0"
"55","Zout (NaCl, berekend uit Na-gehalte)","Salt (NaCl, calculated from Na content)","1","1","1","0"
"56","Osmofiele gisten","Osmophilic yeasts","1","1","1","0"
"57","Cadmium - Cd","Cadmium - Cd","1","1","1","0"
"58","Kwik - Hg","Mercury - Hg","1","1","1","0"
"59","Lood - Pb","Lead - Pb","1","1","1","0"
"60","Xerofiele schimmels","Xerophilic moulds","1","1","1","0"
"61","Aëroob psychrotroof kiemgetal 22°C","Aerobic psychrotrophic plate count 22°C","1","1","1","0"
"62","Anaëroob psychrotroof kiemgetal 22°C","Anaerobic psychrotrophic plate count 22°C","1","1","1","0"
"63","Psychrotrofe melkzuurbacteriën 22°C","Psychrotrophic lactic acid bacteria 22°C","1","1","1","0"
"64","Geur (sensorisch)","Smell (sensory)","1","1","1","0"
"65","Uiterlijk","Appearance","1","1","1","0"
"66","Vreemde bestanddelen","Foreign ingredients","1","1","1","0"
"67","Consistentie","Consistency","1","1","1","0"
"68","Azijnzuur","Acetic acid","1","1","1","0"
"69","Citroenzuur","Citric acid
","1","1","1","0"
"70","Melkzuur","Lactic acid","1","1","1","0"
"71","Histamine","Histamine","1","1","1","0"
"72","Nitriet","Nitrite","1","1","1","0"
"73","DNA - rund - kwantitatief","DNA - bovine - quantitative","1","1","1","0"
"74","DNA - varken - kwantitatief","DNA - pig - quantitative","1","1","1","0"
"75","DNA - paard - kwantitatief","DNA - horse - quantitative","1","1","1","0"
"76","Eiwit","Protein","1","1","1","0"
"77","Natrium - Na","Sodium - Na","1","1","1","0"
"78","Zout - NaCl",NA,"1","0","1","0"
"79","Vetgehalte","Fat content","1","1","1","0"
"80","Meat content","Meat content","1","1","1","0"
"81","DNA - rund - detectie",NA,"1","0","1","1"
"82","DNA - varken - detectie",NA,"1","0","1","1"
"83","Zout (NaCl, berekend uit Cl-gehalte)","Salt (NaCl, calculated from Cl content)","1","1","1","0"
"84","Allergeen - Gluten - aan/afwezigheid",NA,"1","0","1","1"
"85","Soja-eiwit - aan/afwezigheid","Soy protein - presence/absence","1","1","1","1"
"86","Chloride - Cl","Chloride - Cl","1","1","1","0"
"87","Gluten","Gluten","1","1","1","0"
"88","Vocht","Moisture","1","1","1","0"
"89","Droge stof","Dry matter","1","1","1","0"
"90","TVB-N (totale vluchtige-basestikstof)","TVB-N (Total Volatile Base Nitrogen)","1","1","1","0"
"91","Collageen","Collagen","1","1","1","0"
"92","Sorbinezuur","Sorbic acid","1","1","1","0"
"93","Calcium - Ca","Calcium - Ca","1","1","1","0"
"94","As","Ash","1","1","1","0"
"95","Arseen - As","Arsenic - As","1","1","1","0"
"96","Voedingsvezel","Dietary fiber","1","1","1","0"
"97","Koolhydraten totaal","Carbohydrates","1","1","1","0"
"98","Energiewaarde (kJoule)","Energy value (kJoule)","1","1","1","0"
"99","Nitraat","Nitrate","1","1","1","0"
"100","Selderij - aan/afwezigheid","Celery - presence/absence","1","1","1","1"
"101","Vitamine C (ascorbinezuur)","Vitamin C (ascorbic acid)","1","1","1","0"
"102","Zetmeel","Starch","1","1","1","0"
"103","Mycotoxine - Aflatoxine B1","Mycotoxin - Aflatoxin B1","1","1","1","0"
"104","Mycotoxine - Aflatoxine B2","Mycotoxin - Aflatoxin B2","1","1","1","0"
"105","Mycotoxine - Aflatoxine G1","Mycotoxin - Aflatoxin G1
","1","1","1","0"
"106","Mycotoxine - Aflatoxine G2","Mycotoxin - Aflatoxin G2
","1","1","1","0"
"107","Mycotoxine - Aflatoxine totaal (B1+B2+G1+G2)",NA,"1","0","1","0"
"108","Mycotoxine - Ochratoxine A (OTA)","Mycotoxin - Ochratoxin A (OTA)
","1","1","1","0"
"109","Mycotoxine - Fumonisine B1","Mycotoxin - Fumonisin B1","1","1","1","0"
"110","Mycotoxine - Fumonisine B2","Mycotoxin - Fumonisin B2","1","1","1","0"
"111","Mycotoxine - Zearalenon (ZEA)","Mycotoxin - Zearalenone (ZEA)","1","1","1","0"
"112","Mycotoxine - Deoxynivalenol (DON)","Mycotoxin - Deoxynivalenol (DON)","1","1","1","0"
"113","Mycotoxine - T-2 toxine","Mycotoxin - T-2 toxin","1","1","1","0"
"114","Acrylamide","Acrylamide
","1","1","1","0"
"115","Arseen (anorganisch)","Arsenic (inorganic)","1","1","1","0"
"116","Gepolymeriseerde triglyceriden","Polymerized triglycerides","1","1","1","0"
"117","Enterobacteriaceae - Rodac afdukplaat","Enterobacteriaceae - Rodac agar plate","1","1","0","0"
"118","Gisten en schimmels - Rodac afdrukplaat","Yeasts and molds - Rodac agar plate","1","1","0","0"
"119","Onopgeloste bestanddelen / zwevende stof","Undissolved matter / floating substance","1","1","1","0"
"120","Mycotoxine - Patuline","Mycotoxin - Patulin","1","1","1","0"
"121","Soja-eiwit","Soy protein","1","1","1","0"
"122","Nematoden","Nematodes
","1","1","1","1"
"123","Peroxidegetal","Peroxide number","1","1","1","0"
"124","Coliformen - Rodac afdrukplaat","Coliforms - Rodac agar plate","1","1","0","0"
"125","Suikers totaal","Sugars total","1","1","1","0"
"126","Energiewaarde (kcal)","Energy value (kcal)","1","1","1","0"
"127","Verzadigde vetzuren","Saturated fatty acids","1","1","1","0"
"128","Enkelvoudig onverzadigde vetzuren","Mono unsaturated fatty acids","1","1","1","0"
"129","Meervoudig onverzadigde vetzuren","Polyunsaturated fatty acids","1","1","1","0"
"130","Voedingswaarde pakket - Big 8","Nutritional Pack - Big 8","1","1","1","0"
"131","Pesticiden","Pesticides","1","1","1","0"
"132","Chloraat","Chlorate","1","1","1","0"
"133","Perchloraat","Perchlorate","1","1","1","0"
"134","DNA - rund - detectie","DNA - bovine - detection","1","1","1","1"
"135","DNA - varken - detectie","DNA - pig - detection","1","1","1","1"
"136","DNA - paard - detectie","DNA - horse - detection","1","1","1","1"
"137","Chroom - Cr","Chrome - Cr","1","1","1","0"
"138","Koper - Cu","Copper - Cu","1","1","1","0"
"139","Nikkel - Ni","Nickel - Ni","1","1","1","0"
"140","Zink - Zn","Zinc - Zn","1","1","1","0"
"141","Zilver - Ag","Silver - Ag","1","1","1","0"
"142","GMO analyse","GMO analysis","1","1","1","1"
"143","Coagulase positieve staphylococcen - aan/afwezigheid","Coagulase positive staphylococci - presence/absence","1","1","1","1"
"144","Trans vetzuren","Trans fatty acids","1","1","1","0"
"145","STEC (Shigatoxine producerende Escherichia coli) - bevestiging","STEC (Shiga toxin producing Escherichia coli) - confirmation","1","1","0","1"
"146","Mariene biotoxinen - Domoïnezuur (ASP)","Marine Biotoxins - Domoic Acid (ASP)","1","1","1","0"
"147","Mariene biotoxinen - Okadaïnezuur (DSP)","Marine Biotoxins - Okadaic Acid (DSP)","1","1","1","0"
"148","Mariene biotoxinen - Saxitoxine (PSP)","Marine Biotoxins - Saxitoxin (PSP)","1","1","1","0"
"149","Mariene biotoxinen - Tetrodotoxine (TTX)","Marine Biotoxins - Tetrodotoxin (TTX)","1","1","1","0"
"150","Pseudomonas aeruginosa","Pseudomonas aeruginosa","1","1","0","0"
"151","Tin - Sn","Tin - Sn","1","1","1","0"
"152","Kleur (sensorisch)","Color (sensory)","1","1","1","0"
"153","Troebelheid (sensorisch)","Turbidity (sensory)","1","1","1","0"
"154","Lactose","Lactose","1","1","1","0"
"155","Ethyleenoxide (ETO)","Ethylene Oxide (ETO)","1","1","1","0"
"156","Staphylococcus enterotoxinen - aan/afwezigheid","Staphylococcal enterotoxins - presence/absence","1","1","0","1"
"157","Antibiotica / Antibacteriële activiteit (5 platen test)","Antibiotics / Antibacterial activity (5 plates test)","1","1","1","1"
"158","Fosfor","Phosphorus","1","1","1","0"
"159","Xerofiele schimmels",NA,"1","0","1","0"
"160","Soja","Soy","1","1","1","0"
"161","Jodide","Iodide","1","1","0","0"
"162","Celgetal","Cell count","1","1","1","0"
"163","Coagulase positieve staphylococcen - Rodac afdrukplaat","Coagulase Positive Staphylococci - Rodac agar plate","1","1","0","0"
"164","Bacillus spp. - aan/afwezigheid","Bacillus spp. - presence/absence","1","1","1","1"
"165","Gisten - aan/afwezigheid","Yeasts - presence/absence","1","1","1","1"
"166","Schimmels - aan/afwezigheid","Moulds - presence/absence","1","1","1","1"
"167","Elektrisch geleidingsvermogen","Electrical conductivity","0","1","1","0"
"168","Magnesium - Mg","Magnesium - Mg","1","1","1","0"
"169","Hardheid (totaal)","Hardness (total)","1","1","1","0"
"170","Waterstofcarbonaat - HCO3","Hydrogen carbonate - HCO3","1","1","1","0"
"171","Norovirus","Norovirus","1","1","1","1"
"172","Hepatitis A","Hepatitis A","1","1","1","1"
"173","Ureum","Urea","1","1","1","0"
"174","Fosfatase-activiteit (kwantitatief)","Phosphatase activity (quantitative)","1","1","1","0"
"175","Fosfatase-activiteit (kwaltitatief)","Phosphatase activity (qualitative)","1","1","1","1"
"176","Vetgehalte in droge stof (kaas)","Fat content in dry matter","1","1","1","0"
"177","Vitamine A","Vitamin A","1","1","1","0"
"178","Vitamine B1","Vitamin B1","1","1","1","0"
"179","Vitamine B2","Vitamin B2","1","1","1","0"
"180","Vitamine B3","Vitamin B3","1","1","1","0"
"181","Vitamine B11","Vitamin B11","1","1","1","0"
"182","Vitamine B12","Vitamin B12","1","1","1","0"
"183","Vitamine D2","Vitamin D2","1","1","1","0"
"184","Vitamine D3","Vitamin D3","1","1","1","0"
"185","Vitamine E","Vitamin E","1","1","1","0"
"186","Antibiotica / Antibacteriële activiteit - JCVD - (LC-HRMS methode)","Antibiotics / Antibacterial activity - JCVD - (LC-HRMS method)","0","1","1","0"
"187","Ammonium","Ammonium","1","1","1","0"
"188","PFAS","PFAS","0","1","1","0"
"189","Radioactiviteit - Cesium 134","Radioactivity - Cesium 134","1","1","1","0"
"190","Radioactiviteit - Cesium 137","Radioactivity - Cesium 137","1","1","1","0"
"191","Dioxine & Dioxine Like PCB's","Dioxins and Dioxin-like PCB's","0","1","1","0"
